Simulation,a,b,c,b/a,c/a,c/b,ellipticity,triaxiality,Iterations,Initial Particles,Remaining Particles,Max Radius,r_50,mass,Age Range,Snapshot,Redshift,Center of Mass,Rotation Matrix
m12c_res7100,0.784499802265776,0.7049469802211421,0.04469262739379403,0.8985942102026399,0.05696958401355069,0.06339856563365083,0.9430304159864493,0.1931553375094016,13,78393,69877,15.241515506781907,5.576513383165753,581096264.5672877,"[7.73983617963095e-06, 0.09998440591283689]",600,0.0,[-0.16058393 -0.39990896 -0.21956766],"[[-0.26666723  0.23074135 -0.93576013]
 [-0.8810176  -0.4520149   0.13960842]
 [-0.39076409  0.86165014  0.32382475]]"
