Simulation,a,b,c,b/a,c/a,c/b,ellipticity,triaxiality,Iterations,Initial Particles,Remaining Particles,Max Radius,r_50,mass,Age Range,Snapshot,Redshift,Center of Mass,Rotation Matrix
m12c_res7100,0.3842448940910114,0.24938582047273994,0.1570005913367018,0.6490283262259067,0.4085951270949484,0.6295489897504551,0.5914048729050516,0.6947508749684825,30,3418,2939,0.9987674843405783,0.9828185824454156,16954944.313537635,"[0.044608392570319566, 0.09994783995487388]",067,5.0,[-0.2699691   0.42684631 -0.39751279],"[[-0.61274863 -0.04175536 -0.78917401]
 [ 0.70707795  0.41703539 -0.57107114]
 [-0.35295877  0.9079306   0.22601357]]"
