Simulation,a,b,c,b/a,c/a,c/b,ellipticity,triaxiality,Iterations,Initial Particles,Remaining Particles,Max Radius,r_50,mass,Age Range,Snapshot,Redshift,Center of Mass,Rotation Matrix
m12c_res7100,2.9617225412133825,0.6908752262227494,0.4033656531247504,0.23326804473038384,0.13619292405408656,0.5838473255584631,0.8638070759459134,0.9634567081623435,24,111914,99959,11.60796797397929,5.582273336545024,661184285.5528346,"[2.142870781263184e-06, 0.09999872414969779]",294,0.89728099,[-0.46809727 -0.35267507 -1.42913989],"[[-0.26702524 -0.10640972 -0.95779669]
 [-0.13281157  0.98846481 -0.07279021]
 [-0.9544939  -0.10776966  0.2780775 ]]"
