Simulation,a,b,c,b/a,c/a,c/b,ellipticity,triaxiality,Iterations,Initial Particles,Remaining Particles,Max Radius,r_50,mass,Age Range,Snapshot,Redshift,Center of Mass,Rotation Matrix
m12c_res7100,0.2281040942026216,0.1776548716371343,0.13664100013930827,0.7788324547972648,0.5990291433258188,0.7691373666262405,0.4009708566741812,0.6136026896774696,30,2080,1847,0.9711447784997803,0.6576855651479456,10672457.606515154,"[0.0003101727884597949, 0.09989225091594278]",041,7.0,[-0.07233203  0.00452639  0.0827025 ],"[[ 0.934832   -0.12605732  0.33196186]
 [ 0.12944056 -0.74956529 -0.64915099]
 [ 0.33065733  0.64981645 -0.68440069]]"
