Simulation,a,b,c,b/a,c/a,c/b,ellipticity,triaxiality,Iterations,Initial Particles,Remaining Particles,Max Radius,r_50,mass,Age Range,Snapshot,Redshift,Center of Mass,Rotation Matrix
m12c_res7100,0.9689306830831934,0.5274179497621313,0.13216467622389283,0.5443299081868859,0.13640261221095526,0.2505881270887726,0.8635973877890447,0.7170460755876418,23,132013,118880,9.49689071286167,4.06171887165191,870692406.0351297,"[1.4664183990653612e-05, 0.09999560021348142]",412,0.3986637,[-0.28281757 -0.77155105 -0.15004829],"[[ 0.31871008 -0.13645652  0.93797841]
 [ 0.92755893  0.24857476 -0.27900721]
 [ 0.19508541 -0.95895266 -0.20579474]]"
