Simulation,a,b,c,b/a,c/a,c/b,ellipticity,triaxiality,Iterations,Initial Particles,Remaining Particles,Max Radius,r_50,mass,Age Range,Snapshot,Redshift,Center of Mass,Rotation Matrix
m12c_res7100,0.45065501061507374,0.2030408545475367,0.13963775102091014,0.4505460934971468,0.30985509476600825,0.6877322858598274,0.6901449052339917,0.8816561865887028,30,2310,2044,1.453104096411567,0.9711145323473753,11805675.09571902,"[0.0038586723033304793, 0.09999934553480294]",059,5.49484539,[-0.18184632  0.07079931 -0.0207698 ],"[[ 0.76899988 -0.60436128 -0.20829458]
 [ 0.63796208  0.74623223  0.1901101 ]
 [ 0.04054095 -0.27907869  0.95941207]]"
