Simulation,a,b,c,b/a,c/a,c/b,ellipticity,triaxiality,Iterations,Initial Particles,Remaining Particles,Max Radius,r_50,mass,Age Range,Snapshot,Redshift,Center of Mass,Rotation Matrix
m12c_res7100,0.5917418949623399,0.34662694213163997,0.14027517885250856,0.5857738738503555,0.23705466867684952,0.40468631200409017,0.7629453313231505,0.6959794769166837,30,10750,9489,2.8577811758884613,1.8880368971603185,56002545.51727942,"[5.431097200769841e-05, 0.09998902503178364]",102,3.50704241,[-0.00794744 -0.1716751   0.03989576],"[[-0.76153906  0.39012574 -0.5175521 ]
 [ 0.60056719  0.12453462 -0.78981655]
 [-0.24367461 -0.91230096 -0.3291347 ]]"
