Simulation,a,b,c,b/a,c/a,c/b,ellipticity,triaxiality,Iterations,Initial Particles,Remaining Particles,Max Radius,r_50,mass,Age Range,Snapshot,Redshift,Center of Mass,Rotation Matrix
m12c_res7100,1.1838909202077958,1.1183267804956234,0.07569569835062244,0.9446197799197035,0.0639380681603136,0.0676865650280461,0.9360619318396864,0.1081355377416032,30,82959,73871,15.346792221182952,6.6503452623707435,613550316.8975168,"[2.6360804460761472e-05, 0.09999762723841345]",590,0.0015949,[-0.35535419 -0.30899934 -0.78260565],"[[ 0.2608558  -0.07447605  0.96250068]
 [ 0.16517449 -0.97887441 -0.1205084 ]
 [ 0.95114228  0.19041587 -0.24304353]]"
