Simulation,a,b,c,b/a,c/a,c/b,ellipticity,triaxiality,Iterations,Initial Particles,Remaining Particles,Max Radius,r_50,mass,Center of Mass,Rotation Matrix
m12_elvis_RomulusRemus_res4000,0.7526471651248507,0.713912602318551,0.23381618496383874,0.9485355627429031,0.31065842774423097,0.32751373796243605,0.689341572255769,0.11099197261910652,18,16425270,14671678,17.864991581623688,4.832818416269645,47971607217.70709,[-0.06484447  0.04450751  0.06389634],"[[ 0.87653451  0.22133153  0.42743375]
 [-0.33666147 -0.35275872  0.87305231]
 [ 0.34401498 -0.90916095 -0.23469139]]"
