Simulation,a,b,c,b/a,c/a,c/b,ellipticity,triaxiality,Iterations,Initial Particles,Remaining Particles,Max Radius,r_50,mass,Age Range,Snapshot,Redshift,Center of Mass,Rotation Matrix
m12_elvis_RomeoJuliet_res3500,0.20394163784798255,0.1536057076217401,0.14255747026806315,0.7531846328322483,0.6990111081402859,0.9280740440916189,0.3009888918597141,0.8461613127151111,30,1142060,1025353,5.053349013085166,2.01927385888434,2875194894.767134,"[11.647377233604852, 13.631442192667546]",120,3.0,[-0.03829367  0.00396767 -0.01179734],"[[ 0.94410262 -0.16288772  0.28659698]
 [ 0.229689   -0.2985771  -0.926334  ]
 [ 0.23645973  0.94038253 -0.2444739 ]]"
