Simulation,a,b,c,b/a,c/a,c/b,ellipticity,triaxiality,Iterations,Initial Particles,Remaining Particles,Max Radius,r_50,mass,Age Range,Snapshot,Redshift,Center of Mass,Rotation Matrix
m12_elvis_RomeoJuliet_res3500,0.7812639226776182,0.7774382253712945,0.2367643836260952,0.9951031947140065,0.30305301032541593,0.30454430448543945,0.6969469896745841,0.01075762420118088,25,20772852,18635692,14.486560123315869,4.690056669289593,56368068381.58377,"[3.526424280507145, 13.631442192667546]",446,0.30020699,[ 0.05062081 -0.15071985 -0.07658333],"[[ 0.21669246 -0.17966353 -0.95956521]
 [-0.97278992  0.04282362 -0.22769696]
 [-0.08200089 -0.98279558  0.16549531]]"
