Simulation,a,b,c,b/a,c/a,c/b,ellipticity,triaxiality,Iterations,Initial Particles,Remaining Particles,Max Radius,r_50,mass,Age Range,Snapshot,Redshift,Center of Mass,Rotation Matrix
m12_elvis_RomeoJuliet_res3500,0.3504211175967724,0.33620426369082823,0.19126766001536444,0.9594292318812149,0.5458222989730175,0.5689031361935767,0.4541777010269825,0.11322893892140677,11,3735690,3351638,6.547560301055935,2.765342339722014,9417659646.437302,"[10.5118429822782, 13.631442192667546]",172,2.0,[ 0.10255537  0.13248119 -0.05622125],"[[-0.47534891  0.36761551 -0.79931362]
 [-0.86871486 -0.05236917  0.49253626]
 [ 0.13920458  0.92850219  0.34424668]]"
