Simulation,a,b,c,b/a,c/a,c/b,ellipticity,triaxiality,Iterations,Initial Particles,Remaining Particles,Max Radius,r_50,mass,Age Range,Snapshot,Redshift,Center of Mass,Rotation Matrix
m12_elvis_RomeoJuliet_res3500,0.1033587159825243,0.09611077793448265,0.06175323573000997,0.929875889235436,0.5974651981981964,0.6425214430384308,0.40253480180180357,0.2104562888599322,16,6180,5551,0.8101971378354812,0.40625565335189084,15527400.473261233,"[13.03388249880463, 13.620474197547983]",041,7.0,[-0.02542577  0.00211902 -0.02697186],"[[ 0.4648347  -0.73900404 -0.48764918]
 [-0.83268098 -0.55208637  0.04293054]
 [ 0.30095031 -0.38610059  0.87198351]]"
