Simulation,a,b,c,b/a,c/a,c/b,ellipticity,triaxiality,Iterations,Initial Particles,Remaining Particles,Max Radius,r_50,mass,Age Range,Snapshot,Redshift,Center of Mass,Rotation Matrix
m12_elvis_RomeoJuliet_res3500,0.7151340299022481,0.7016249858175617,0.23283998757239469,0.9811097731057031,0.32558929911952544,0.3318581753485876,0.6744107008804745,0.04186125772219239,12,19860351,17801395,13.75374541941491,4.493288364020892,53458693644.71128,"[4.4014605969757445, 13.631442192667546]",412,0.3986637,[0.04916459 0.0070488  0.03424172],"[[-0.00557136 -0.28462513  0.95862271]
 [ 0.80213639  0.57115362  0.17424339]
 [ 0.59711488 -0.76991693 -0.22512607]]"
