Simulation,a,b,c,b/a,c/a,c/b,ellipticity,triaxiality,Iterations,Initial Particles,Remaining Particles,Max Radius,r_50,mass,Age Range,Snapshot,Redshift,Center of Mass,Rotation Matrix
m12_elvis_RomeoJuliet_res3500,0.5387505798258813,0.283993237099242,0.19920248880410582,0.5271330514224704,0.36974900123260385,0.7014339173664692,0.6302509987673961,0.8364910551635852,20,71345,63999,2.4703683179746645,1.9126193520244454,176794653.16914266,"[12.622743557986267, 13.631442192667546]",067,5.0,[ 0.1224552  -0.07600393  0.00931606],"[[-0.87131745 -0.48416467  0.07994041]
 [-0.49047764  0.85413726 -0.17286185]
 [-0.01541351  0.18982653  0.98169665]]"
