Simulation,a,b,c,b/a,c/a,c/b,ellipticity,triaxiality,Iterations,Initial Particles,Remaining Particles,Max Radius,r_50,mass,Age Range,Snapshot,Redshift,Center of Mass,Rotation Matrix
m12_elvis_RomeoJuliet_res3500,0.5912555346599602,0.5423969054368557,0.28514080479978715,0.9173646141829289,0.48226323152099687,0.5257050730592386,0.5177367684790031,0.20646023753098178,12,7224734,6485324,8.61514357726651,3.441760962353725,18566931152.34453,"[9.517956338034884, 13.631442192667546]",214,1.5,[-0.00955913  0.19387259 -0.24318258],"[[-0.03624809 -0.49851943 -0.86612035]
 [-0.53317642 -0.72338423  0.43867774]
 [ 0.84522718 -0.47769617  0.23957751]]"
