Simulation,a,b,c,b/a,c/a,c/b,ellipticity,triaxiality,Iterations,Initial Particles,Remaining Particles,Max Radius,r_50,mass,Age Range,Snapshot,Redshift,Center of Mass,Rotation Matrix
m12_elvis_RomeoJuliet_res3500,0.12791796200105432,0.10581700642662624,0.05449256528149846,0.8272255496515343,0.42599619653922666,0.5149698249995736,0.5740038034607733,0.3856901448969676,30,1273,1125,0.4862908011092335,0.33610173490808887,3205921.8731754245,"[13.323747303253816, 13.634419350377675]",020,10.0,[-0.04813652 -0.0334036   0.00874837],"[[ 0.89449985 -0.44692725  0.01122728]
 [-0.37758646 -0.7686877  -0.51628256]
 [-0.23937102 -0.4575754   0.85634471]]"
