Simulation,a,b,c,b/a,c/a,c/b,ellipticity,triaxiality,Iterations,Initial Particles,Remaining Particles,Max Radius,r_50,mass,Age Range,Snapshot,Redshift,Center of Mass,Rotation Matrix
m12_elvis_RomeoJuliet_res3500,0.4879688542934006,0.47800243699268935,0.19913498895266407,0.9795757101851449,0.4080895475204456,0.4165982713508837,0.5919104524795544,0.04851017002272372,26,14310424,12832439,10.338789978155985,3.7585045660295573,37371612207.37816,"[7.491909364883995, 13.631442192667546]",294,0.89728099,[ 0.00108728 -0.0899279   0.13697538],"[[-0.02380735 -0.3496316   0.93658473]
 [-0.77359156 -0.58697373 -0.2387843 ]
 [ 0.63323717 -0.73021886 -0.25649776]]"
