Simulation,a,b,c,b/a,c/a,c/b,ellipticity,triaxiality,Iterations,Initial Particles,Remaining Particles,Max Radius,r_50,mass,Age Range,Snapshot,Redshift,Center of Mass,Rotation Matrix
m12_elvis_RomeoJuliet_res3500,0.6340989136078256,0.5777166189024394,0.22552779260905045,0.9110828082253155,0.355666580984767,0.3903778863718926,0.644333419015233,0.1945367680966347,15,16541241,14853283,12.444916291512225,4.223361572492345,43598571211.61383,"[6.496567380918973, 13.631442192667546]",332,0.70189703,[0.04880371 0.23059841 0.12454152],"[[ 0.01388004 -0.32825306 -0.94448784]
 [ 0.98047842  0.18975203 -0.05153863]
 [ 0.19613619 -0.92533458  0.32447881]]"
