Simulation,a,b,c,b/a,c/a,c/b,ellipticity,triaxiality,Iterations,Initial Particles,Remaining Particles,Max Radius,r_50,mass,Age Range,Snapshot,Redshift,Center of Mass,Rotation Matrix
m12_elvis_RomeoJuliet_res3500,0.7063322602788911,0.6979250624247922,0.23143570588607343,0.988097389391815,0.32765841078063235,0.3316053805003065,0.6723415892193676,0.026509623120769592,13,18731485,16811453,13.098236127903574,4.339530464355862,50104745629.06387,"[5.18330522302438, 13.631442192667546]",382,0.49880669,[ 0.06516714 -0.18613328  0.21237515],"[[ 0.27049103 -0.04959948  0.96144396]
 [-0.60526061 -0.78537906  0.12976645]
 [ 0.74866161 -0.61702482 -0.2424586 ]]"
