Simulation,a,b,c,b/a,c/a,c/b,ellipticity,triaxiality,Iterations,Initial Particles,Remaining Particles,Max Radius,r_50,mass,Age Range,Snapshot,Redshift,Center of Mass,Rotation Matrix
m12_elvis_RomeoJuliet_res3500,0.8108637797432997,0.8095087918540854,0.2320970718538683,0.9983289574364226,0.2862343560682224,0.28671346647425167,0.7137656439317777,0.0036372968636583674,13,21986739,19713839,15.65813498359985,4.975253416445301,60051253359.473045,"[2.5172325953914876, 13.631442192667546]",486,0.20076481,[ 0.06827643 -0.16391859  0.11018665],"[[ 0.22190893  0.26690492  0.93782631]
 [-0.884234   -0.35028479  0.30891877]
 [-0.41095823  0.89780974 -0.15827508]]"
