Simulation,a,b,c,b/a,c/a,c/b,ellipticity,triaxiality,Iterations,Initial Particles,Remaining Particles,Max Radius,r_50,mass,Age Range,Snapshot,Redshift,Center of Mass,Rotation Matrix
m12f_res7100,0.5760189494328696,0.524497979855582,0.34038713538480914,0.9105568147922676,0.5909304472013356,0.6489770188982102,0.4090695527986644,0.26257831932410036,10,63705,57308,3.251884262195454,1.8251618936290102,314377789.8519427,"[11.99685849503687, 13.633386940970984]",102,3.50704241,[-0.17618812 -0.02833728 -0.16520052],"[[ 0.79999304  0.38281408  0.4620222 ]
 [ 0.59471179 -0.40380253 -0.69517006]
 [ 0.07955515 -0.83090125  0.55070326]]"
