Simulation,a,b,c,b/a,c/a,c/b,ellipticity,triaxiality,Iterations,Initial Particles,Remaining Particles,Max Radius,r_50,mass,Age Range,Snapshot,Redshift,Center of Mass,Rotation Matrix
m12f_res7100,0.5255394034476131,0.5154184517058724,0.21093540402208194,0.9807417832509879,0.4013693409824568,0.40925078123212766,0.5986306590175432,0.04547077600637661,18,9568875,8564576,12.934589527311553,3.1221331543580746,50929865643.39723,"[4.4014489502042675, 13.6336628885831]",412,0.3986637,[ 0.11606981 -0.06733761  0.07876436],"[[-0.86841406  0.22031717  0.44420419]
 [ 0.46064062  0.02695619  0.88717731]
 [ 0.18348634  0.97505575 -0.12489617]]"
