Simulation,a,b,c,b/a,c/a,c/b,ellipticity,triaxiality,Iterations,Initial Particles,Remaining Particles,Max Radius,r_50,mass,Age Range,Snapshot,Redshift,Center of Mass,Rotation Matrix
m12f_res7100,1.0950923048546095,0.6273946912489076,0.41008508129254556,0.5729148935369461,0.3744753565289555,0.6536317361503649,0.6255246434710444,0.7813367824243348,30,13438041,12042981,28.28900860386579,6.22288483077801,74233719223.40901,"[1.3410861654556374, 13.633386940970984]",534,0.0998249,[ 0.59741087 -0.39533516  0.25501917],"[[-0.84225512  0.53176941  0.08847381]
 [ 0.5103561   0.73370916  0.44856161]
 [-0.1736173  -0.42295646  0.88936205]]"
