Simulation,a,b,c,b/a,c/a,c/b,ellipticity,triaxiality,Iterations,Initial Particles,Remaining Particles,Max Radius,r_50,mass,Age Range,Snapshot,Redshift,Center of Mass,Rotation Matrix
m12f_res7100,0.13557155840362606,0.090628213449413,0.08300005224347685,0.6684898699740035,0.6122231920973249,0.9158301712502139,0.3877768079026751,0.8847353548848274,30,3030,2697,1.0159371508570232,0.45297998691698843,15262254.027835231,"[12.824833837774493, 13.582197385114148]",059,5.49484539,[ 0.02926168 -0.02047679  0.03637397],"[[ 0.22314672  0.26708179  0.93748219]
 [ 0.48202356  0.80568723 -0.34426933]
 [ 0.8472655  -0.52871107 -0.05104675]]"
