Simulation,a,b,c,b/a,c/a,c/b,ellipticity,triaxiality,Iterations,Initial Particles,Remaining Particles,Max Radius,r_50,mass,Age Range,Snapshot,Redshift,Center of Mass,Rotation Matrix
m12f_res7100,0.4267262775672727,0.41085082120768895,0.19598870211505987,0.9627970968882248,0.45928435256524025,0.47703130186999365,0.5407156474347597,0.0925429575593989,12,8408181,7531736,11.933722812298504,2.745051383595063,44194554085.63372,"[5.183304243225091, 13.633386940970984]",382,0.49880669,[-0.01234732  0.0046533   0.00119783],"[[-0.5536259   0.60812282  0.56893321]
 [ 0.22582029 -0.54795866  0.80544801]
 [-0.8015632  -0.57439355 -0.16603763]]"
