Simulation,a,b,c,b/a,c/a,c/b,ellipticity,triaxiality,Iterations,Initial Particles,Remaining Particles,Max Radius,r_50,mass,Age Range,Snapshot,Redshift,Center of Mass,Rotation Matrix
m12f_res7100,0.5546430428263137,0.48225218833513867,0.30441154654905594,0.8694820832471089,0.5488422697918566,0.6312289584417743,0.4511577302081434,0.3491852135368689,25,5206057,4657235,9.217572420157971,2.688053310488772,26601425234.299057,"[7.491913265532385, 13.633386940970984]",294,0.89728099,[ 0.01139853  0.22741064 -0.04205117],"[[-0.02520266 -0.11382705 -0.99318086]
 [-0.96032777  0.27877072 -0.00758053]
 [ 0.27773261  0.95358811 -0.11633704]]"
