Simulation,a,b,c,b/a,c/a,c/b,ellipticity,triaxiality,Iterations,Initial Particles,Remaining Particles,Max Radius,r_50,mass,Age Range,Snapshot,Redshift,Center of Mass,Rotation Matrix
m12f_res7100,0.823811859786627,0.5305002371554118,0.4623896179937784,0.6439579994548938,0.5612806036969904,0.8716105773545957,0.4387193963030096,0.8545237753107232,30,86611,77638,3.4725493509700063,2.775156653193145,427914110.09321785,"[11.647406514312733, 13.615870722677023]",120,3.0,[ 0.57819635  0.15498216 -0.33060046],"[[ 0.78754128  0.28198129 -0.54796467]
 [ 0.16336703 -0.95289    -0.25556186]
 [-0.59421372  0.11174615 -0.79650666]]"
