Simulation,a,b,c,b/a,c/a,c/b,ellipticity,triaxiality,Iterations,Initial Particles,Remaining Particles,Max Radius,r_50,mass,Age Range,Snapshot,Redshift,Center of Mass,Rotation Matrix
m12b_res7100,0.2042103525398906,0.1053813478733016,0.09611470022033,0.5160431220190774,0.4706651696395016,0.9120655804847676,0.5293348303604983,0.9424839047591248,30,1295,1149,0.8877786140816954,0.5359087948446869,6514915.025589528,"[13.034445105930134, 13.516944468078623]",41,7.0,[-0.05632993  0.02255096 -0.13698277],"[[ 0.48601519  0.59795397  0.63736982]
 [-0.26893012 -0.59158486  0.76006838]
 [ 0.83154424 -0.54081272 -0.1267114 ]]"
m12b_res7100,0.4054274774695943,0.2696320034449257,0.2122699839426215,0.6650560665690135,0.5235707882146223,0.7872581193277347,0.4764292117853776,0.7683161441317116,30,10215,9169,1.843594660476895,1.1858102127557306,52183588.2234926,"[12.663194710346925, 13.552170952529405]",67,5.0,[-0.00093504 -0.10420066  0.05193659],"[[ 0.5016312   0.44334024  0.7428429 ]
 [ 0.86200186 -0.32855543 -0.38601053]
 [-0.07293107 -0.83396688  0.54697377]]"
m12b_res7100,0.5281100386685836,0.3684177313140853,0.3231251021988678,0.6976154671153421,0.611851846280933,0.8770617555412814,0.3881481537190669,0.8204955892276228,30,119464,106940,3.7810303486368695,2.3168267538732947,594858823.4308938,"[11.647385409399089, 13.569026192104266]",120,3.0,[ 0.0942541  -0.13278179 -0.29291482],"[[ 0.80692353 -0.36031371 -0.46802613]
 [ 0.54376564  0.76257106  0.35043446]
 [-0.23063684  0.53727034 -0.81126274]]"
m12b_res7100,1.0370476390847043,0.5473857348849346,0.4085999319869335,0.5278308481257967,0.3940030492211165,0.7464570337639962,0.6059969507788834,0.8539623464822337,28,954548,856462,7.762954329081591,4.105156524433181,4772154100.67326,"[10.51184212363612, 13.605978112543662]",172,2.0,[0.00201512 0.12330273 0.18952176],"[[ 0.11456579 -0.19436485  0.97421609]
 [ 0.6631933  -0.71517655 -0.22067429]
 [-0.73962783 -0.6713753  -0.04696671]]"
m12b_res7100,0.1321108480770586,0.1250652118074689,0.1025308847074401,0.946668753004446,0.7760973924536091,0.8198193824297106,0.2239026075463909,0.2610645292165348,9,5302295,4715831,5.7798502564359975,1.1515789157841605,28269261750.172203,"[7.933146532328324, 13.605978112543662]",277,1.0,[-0.00048075 -0.00230409 -0.03102237],"[[ 0.40689087  0.58462571  0.70189216]
 [ 0.53176769 -0.77635292  0.33837742]
 [ 0.74274016  0.23556089 -0.62677597]]"
