Simulation,a,b,c,b/a,c/a,c/b,ellipticity,triaxiality,Iterations,Initial Particles,Remaining Particles,Max Radius,r_50,mass,Age Range,Snapshot,Redshift,Center of Mass,Rotation Matrix
m12b_res7100,0.8052216959697761,0.5742291753137558,0.32396572284193764,0.7131317725141244,0.4023310902617528,0.5641749614427454,0.5976689097382473,0.586356835536459,30,9413,8337,3.9274018874703747,1.842978991590451,51685213.216234125,"[1.635159789614704e-05, 0.09991668308310864]",120,3.0,[-0.18525015 -0.30112289 -0.43715337],"[[ 0.84665051 -0.33871428 -0.41043337]
 [ 0.3788041  -0.15809409  0.91187374]
 [-0.37375175 -0.92751221 -0.00554408]]"
