Simulation,a,b,c,b/a,c/a,c/b,ellipticity,triaxiality,Iterations,Initial Particles,Remaining Particles,Max Radius,r_50,mass,Age Range,Snapshot,Redshift,Center of Mass,Rotation Matrix
m12b_res7100,0.0428007927778091,0.03614870912739106,0.03412016704145364,0.8445803636173079,0.7971853983775716,0.9438834156210484,0.20281460162242837,0.7865228956210029,27,179719,160531,2.8163633198117974,0.8880029678204073,1177936991.278254,"[2.0799485101363757e-05, 0.09999356584908625]",277,1.0,[ 0.00144425  0.00507261 -0.00973707],"[[ 0.44343933  0.86932021 -0.21827491]
 [ 0.60418558 -0.4697993  -0.64362132]
 [ 0.66205842 -0.15352845  0.73355822]]"
