Simulation,a,b,c,b/a,c/a,c/b,ellipticity,triaxiality,Iterations,Initial Particles,Remaining Particles,Max Radius,r_50,mass,Age Range,Snapshot,Redshift,Center of Mass,Rotation Matrix
m12b_res7100,1.1929645476103161,0.7371540391912976,0.047238475353064364,0.6179178087629895,0.03959755170234522,0.06408223090643012,0.9604024482976548,0.6191483852930625,30,75639,67292,18.32795997908623,9.87091646503525,576410125.4677576,"[9.146453955308914e-06, 0.09998553257205477]",590,0.0015949,[ 0.63383013  0.87199826 -0.41179777],"[[-0.93869308  0.1841621  -0.29144402]
 [ 0.2618394   0.93075975 -0.25519877]
 [ 0.22426643 -0.31586484 -0.92191864]]"
