Simulation,a,b,c,b/a,c/a,c/b,ellipticity,triaxiality,Iterations,Initial Particles,Remaining Particles,Max Radius,r_50,mass,Age Range,Snapshot,Redshift,Center of Mass,Rotation Matrix
m12b_res7100,1.0226952081338194,0.5019719508202447,0.345620125979151,0.49083240718046056,0.3379502741680263,0.6885247779569997,0.6620497258319737,0.8569569315504931,30,177404,160302,8.001992453900879,3.039322061596985,1037893176.224855,"[2.1971389649877437e-06, 0.0999972459015126]",214,1.5,[ 0.15936145 -0.02322514  1.04183493],"[[ 0.31859236  0.76492274  0.55981435]
 [ 0.15432862 -0.62456698  0.76557088]
 [ 0.93524413 -0.15750966 -0.31703174]]"
