Simulation,a,b,c,b/a,c/a,c/b,ellipticity,triaxiality,Iterations,Initial Particles,Remaining Particles,Max Radius,r_50,mass,Age Range,Snapshot,Redshift,Center of Mass,Rotation Matrix
m12b_res7100,0.7977095208828701,0.5503689619752116,0.05020555567468237,0.689936559069882,0.06293713984899799,0.09122163338299519,0.937062860151002,0.5260713570691936,30,73642,65221,14.124639510882377,6.720101085925699,526069274.7075372,"[8.539212511315952e-06, 0.09999971468494717]",382,0.49880669,[ 0.55803513  0.21661402 -0.27060204],"[[-0.58367223 -0.79855956 -0.1470692 ]
 [-0.41500789  0.13770278  0.89933664]
 [ 0.69792204 -0.5859527   0.41178181]]"
