Simulation,a,b,c,b/a,c/a,c/b,ellipticity,triaxiality,Iterations,Initial Particles,Remaining Particles,Max Radius,r_50,mass,Age Range,Snapshot,Redshift,Center of Mass,Rotation Matrix
m12_elvis_RomeoJuliet_res3500,0.9850400776328756,0.9446328547258763,0.23932540012696213,0.9589791077291994,0.24296006382002125,0.25335282266506826,0.7570399361799788,0.08540021057827438,30,25385087,22706473,19.260270900933953,5.967600935352102,70124676358.56294,"[3.1819340775850465e-05, 13.631442192667546]",600,0.0,[-0.15688643  0.28501796 -0.06260203],"[[ 0.42427829  0.17531601 -0.88839869]
 [-0.66383224 -0.60705039 -0.43682557]
 [ 0.61588529 -0.7750833   0.14117788]]"
