Simulation,a,b,c,b/a,c/a,c/b,ellipticity,triaxiality,Iterations,Initial Particles,Remaining Particles,Max Radius,r_50,mass,Age Range,Snapshot,Redshift,Center of Mass,Rotation Matrix
m12_elvis_RomeoJuliet_res3500,0.9638856153067491,0.917828793521868,0.23220162841313952,0.9522175442256975,0.24090164302248993,0.2529901328570677,0.75909835697751,0.09902874309350186,13,25347000,22672264,19.274056454521467,5.958278912023139,70014448195.13274,"[0.022988536086971437, 13.631442192667546]",590,0.0015949,[-0.15001706  0.24651882 -0.09497292],"[[ 0.45726583  0.14866349 -0.87681647]
 [-0.88297054 -0.04180499 -0.46756322]
 [-0.10616489  0.9880038   0.11214949]]"
