Simulation,a,b,c,b/a,c/a,c/b,ellipticity,triaxiality,Iterations,Initial Particles,Remaining Particles,Max Radius,r_50,mass,Age Range,Snapshot,Redshift,Center of Mass,Rotation Matrix
m12_elvis_RomeoJuliet_res3500,0.13162963364462207,0.11110758399307183,0.10064181792663895,0.8440924806722753,0.7645832867571065,0.90580511527381,0.23541671324289348,0.6921023198283741,30,5318,4729,0.5694863787521015,0.33507414031538124,14329676.219576266,"[13.211579817732865, 13.620474197547983]",029,8.54545403,[ 0.04614713 -0.06915026  0.01593097],"[[ 0.03606954  0.5178348   0.8547199 ]
 [ 0.57059016  0.69149063 -0.44302097]
 [-0.82044248  0.50367433 -0.27052969]]"
