Simulation,a,b,c,b/a,c/a,c/b,ellipticity,triaxiality,Iterations,Initial Particles,Remaining Particles,Max Radius,r_50,mass,Age Range,Snapshot,Redshift,Center of Mass,Rotation Matrix
m12_elvis_RomeoJuliet_res3500,0.3554114038724903,0.19537840784000846,0.19140900206993214,0.5497246450485412,0.5385561633205311,0.9796834982229623,0.46144383667946887,0.9828800337344263,30,720609,645496,4.314191529691114,2.104255442860977,1858444998.5729382,"[11.996853274243454, 13.631442192667546]",102,3.50704241,[ 0.03481816 -0.11368543  0.06261485],"[[ 0.52324925  0.81796127 -0.23905978]
 [ 0.82398394 -0.41405738  0.38679058]
 [ 0.21739525 -0.39936931 -0.89064216]]"
