Simulation,a,b,c,b/a,c/a,c/b,ellipticity,triaxiality,Iterations,Initial Particles,Remaining Particles,Max Radius,r_50,mass,Age Range,Snapshot,Redshift,Center of Mass,Rotation Matrix
m12_elvis_RomeoJuliet_res3500,0.49949586019382586,0.28704774056881865,0.2503866700831,0.57467491413729,0.501278769329418,0.872282323445325,0.49872123067058205,0.8945254634159395,30,405075,362855,3.5861342836106633,1.9156018371737606,1046658745.3377274,"[12.254926658370545, 13.631442192667546]",088,4.0,[-0.03856316 -0.02557479  0.02598379],"[[ 0.60149933 -0.2689476   0.75224048]
 [ 0.77137724  0.44044814 -0.45932841]
 [ 0.20778765 -0.85654692 -0.47238932]]"
