Simulation,a,b,c,b/a,c/a,c/b,ellipticity,triaxiality,Iterations,Initial Particles,Remaining Particles,Max Radius,r_50,mass,Age Range,Snapshot,Redshift,Center of Mass,Rotation Matrix
m12_elvis_RomeoJuliet_res3500,0.9000460882871758,0.8451450444820308,0.23331381080626853,0.9390019638776232,0.2592242928917942,0.27606363230735265,0.7407757071082057,0.12679562727322413,23,23478167,21026477,17.578594428177055,5.538857611219212,64503833629.632484,"[1.3410897694923178, 13.631442192667546]",534,0.0998249,[-0.02610773  0.09766764  0.10685297],"[[ 0.41403054  0.06195353  0.90815223]
 [-0.80979246 -0.43056422  0.39856069]
 [ 0.4157101  -0.90043113 -0.12809724]]"
