Simulation,a,b,c,b/a,c/a,c/b,ellipticity,triaxiality,Iterations,Initial Particles,Remaining Particles,Max Radius,r_50,mass,Center of Mass,Rotation Matrix
m12w_res7100,0.9149723540797732,0.8354928696223543,0.34080802423990864,0.913134550893229,0.3724790401811362,0.4079125467509436,0.6275209598188638,0.19295615094674376,13,9032413,8018978,13.960274242215197,4.503759934630009,49498991068.48368,[ 0.19340137  0.05252443 -0.26115085],"[[-0.61505084  0.1742019  -0.76900336]
 [-0.10310295  0.94914716  0.29747177]
 [ 0.7817175   0.26224678 -0.56581303]]"
