Simulation,a,b,c,b/a,c/a,c/b,ellipticity,triaxiality,Iterations,Initial Particles,Remaining Particles,Max Radius,r_50,mass,Center of Mass,Rotation Matrix
object_239,3.344799733807692,2.916524226194282,1.5499035616309085,0.8719578026497076,0.46337708830971214,0.5314214597330291,0.5366229116902879,0.30522753595960644,7,238754,35303,12.439684803014165,6.141978626615179,1686290379.1443088,[-4.4070522  -0.28456587  1.97267678],"[[-0.67241846 -0.72369292 -0.15531251]
 [ 0.06135918  0.15460939 -0.98606845]
 [ 0.73762353 -0.67258047 -0.05955701]]"
