Simulation,a,b,c,b/a,c/a,c/b,ellipticity,triaxiality,Iterations,Initial Particles,Remaining Particles,Max Radius,r_50,mass,Center of Mass,Rotation Matrix
object_90_2,3.742687760109051,3.6311696133891047,1.2806398053837562,0.9702037268754963,0.342171158126865,0.35267969875648075,0.6578288418731351,0.06648937796389338,6,264644,92467,14.326383078097896,6.999577708599222,4549332706.677856,[ 20.6645934  -93.62443066  35.27881062],"[[-0.33697197 -0.8306928   0.44316968]
 [ 0.64417165  0.13986947  0.75198365]
 [-0.68665332  0.53887476  0.48797666]]"
