Simulation,a,b,c,b/a,c/a,c/b,ellipticity,triaxiality,Iterations,Initial Particles,Remaining Particles,Max Radius,r_50,mass,Center of Mass,Rotation Matrix
object_284_2,3.833027790820401,3.7601832968664217,2.32424385159533,0.9809955737528352,0.6063728150266975,0.6181198277042124,0.3936271849733025,0.059539726795921434,16,16542,2569,14.5815077690349,6.706901522867591,115316800.81894448,[-36.72494109  19.41106844 -32.23314973],"[[ 0.99964171 -0.02563471 -0.00770114]
 [ 0.01671383  0.37308409  0.92764698]
 [ 0.02090679  0.92744333 -0.37337887]]"
