Simulation,a,b,c,b/a,c/a,c/b,ellipticity,triaxiality,Iterations,Initial Particles,Remaining Particles,Max Radius,r_50,mass,Center of Mass,Rotation Matrix
object_284,3.0236321462139637,2.3155754615290562,1.5071477091964567,0.7658257848688705,0.498456041051035,0.6508739336014702,0.501543958948965,0.550216888737123,6,16542,3625,13.4067136591813,13.4067136591813,165454730.14761925,[ 0.58768945  0.66885727 -0.22179652],"[[ 0.47032307 -0.86231961 -0.18761959]
 [-0.8722928  -0.42202557 -0.24698115]
 [ 0.13379642  0.27982015 -0.95068354]]"
