Simulation,a,b,c,b/a,c/a,c/b,ellipticity,triaxiality,Iterations,Initial Particles,Remaining Particles,Max Radius,r_50,mass,Center of Mass,Rotation Matrix
object_284_1,4.358793839330291,3.2670018840213184,1.8941266774821115,0.7495197076178484,0.43455293994201283,0.5797752020732387,0.5654470600579872,0.5402364343880851,30,16542,8837,15.443267989499104,7.388418488507724,409959155.9292057,[ 0.36692196 -9.24457447 -1.0967017 ],"[[-0.25082327  0.94369643  0.21569592]
 [-0.5566061  -0.32289638  0.76545907]
 [-0.79200842 -0.07193728 -0.60625711]]"
