Simulation,a,b,c,b/a,c/a,c/b,ellipticity,triaxiality,Iterations,Initial Particles,Remaining Particles,Max Radius,r_50,mass,Center of Mass,Rotation Matrix
object_321_1,3.2463056793267198,2.629597938958316,1.6385172074422356,0.810027828156864,0.5047328777067175,0.6231056022546606,0.4952671222932825,0.46139866192406986,7,26017,20693,12.800893142222172,5.643829037708389,984811179.7658536,[ 1.14313025 -1.29824832  0.5354234 ],"[[ 0.37435138  0.92413811  0.07635315]
 [-0.92702121  0.37100223  0.05467192]
 [-0.02219721  0.09124749 -0.99558082]]"
