Simulation,a,b,c,b/a,c/a,c/b,ellipticity,triaxiality,Iterations,Initial Particles,Remaining Particles,Max Radius,r_50,mass,Center of Mass,Rotation Matrix
object_143,3.3060546352977904,2.791858059833613,2.1211330766741217,0.844468215989461,0.6415904486354812,0.7597567753141917,0.3584095513645188,0.4875800617660281,5,170303,114331,14.52061599671495,5.673044149330044,5866250452.615791,[ 2.85745965 -1.95590325 -0.15481803],"[[ 0.31219118  0.94850943  0.05353991]
 [ 0.64774147 -0.17129361 -0.74235402]
 [ 0.69495875 -0.26643639  0.66786525]]"
