Simulation,a,b,c,b/a,c/a,c/b,ellipticity,triaxiality,Iterations,Initial Particles,Remaining Particles,Max Radius,r_50,mass,Age Range,Snapshot,Redshift,Center of Mass,Rotation Matrix
m12z_res4200,0.20961206106570254,0.1258132582458492,0.11283994527494788,0.6002195560989845,0.5383275404156176,0.8968843733022919,0.4616724595843824,0.9007791727315344,30,2256,2014,0.9875587739802743,0.6608813920173154,6435010.9412991945,"[12.86877052627821, 13.563025388871008]",059,5.49484539,[ 0.00084246 -0.05515467  0.01426822],"[[ 0.36172165  0.62443998 -0.69226596]
 [-0.40280007  0.77434143  0.48800354]
 [-0.84077913 -0.10232333 -0.53162053]]"
