Simulation,a,b,c,b/a,c/a,c/b,ellipticity,triaxiality,Iterations,Initial Particles,Remaining Particles,Max Radius,r_50,mass,Age Range,Snapshot,Redshift,Center of Mass,Rotation Matrix
m12z_res4200,1.8931350583561555,1.3613067813570132,0.9397047427107849,0.7190753640889527,0.4963749092084048,0.6902960857757896,0.5036250907915951,0.6408213419060053,30,1499884,1345356,11.879025813725667,5.300114514592332,4348410812.16302,"[6.496581155092928, 13.563025388871008]",332,0.70189703,[ 0.58786242 -0.14310377  0.56478967],"[[-0.78642713 -0.43482095  0.43870617]
 [ 0.10833257 -0.79633084 -0.59508088]
 [-0.60810888  0.42046158 -0.67336145]]"
