Simulation,a,b,c,b/a,c/a,c/b,ellipticity,triaxiality,Iterations,Initial Particles,Remaining Particles,Max Radius,r_50,mass,Age Range,Snapshot,Redshift,Center of Mass,Rotation Matrix
m12z_res4200,1.2729145915637616,1.038654626821822,0.833142280671784,0.8159656851335534,0.654515460969206,0.802136012450178,0.345484539030794,0.5846648700682174,30,995647,892939,9.713463860836685,4.188957848216336,2892836971.5549536,"[7.491916191018527, 13.563025388871008]",294,0.89728099,[-0.39279825 -0.06683278 -0.14412787],"[[-0.21043504 -0.90939271 -0.35877846]
 [ 0.94852459 -0.27877875  0.15027813]
 [-0.23668165 -0.30868641  0.92124617]]"
