Simulation,a,b,c,b/a,c/a,c/b,ellipticity,triaxiality,Iterations,Initial Particles,Remaining Particles,Max Radius,r_50,mass,Center of Mass,Rotation Matrix
m12b_res7100,0.6094069096388711,0.5464257257457008,0.22652477283435776,0.8966516741162446,0.37171349594410447,0.4145572987531326,0.6282865040558956,0.2274415896967603,17,14448320,12860077,14.290289055690646,3.248730328051094,79171888686.23009,[ 0.09590287  0.00420657 -0.03193807],"[[-0.80957305 -0.46832587 -0.35392423]
 [ 0.55653623 -0.8041027  -0.20901263]
 [ 0.18670541  0.36618265 -0.91162018]]"
