Simulation,a,b,c,b/a,c/a,c/b,ellipticity,triaxiality,Iterations,Initial Particles,Remaining Particles,Max Radius,r_50,mass
m11a_res2100,1.1391523535154253,0.6963965925376683,0.6135496914094513,0.6113287572014293,0.538601960937039,0.8810348844092947,0.46139803906296095,0.8821948962731778,9,81964,73739,7.9936932629459525,3.783914915904182,111056468.24942313
m11b_res2100,1.0766043274344337,0.8818115428224801,0.3345820784217485,0.8190674329944891,0.3107753423386874,0.3794258321350916,0.6892246576613126,0.3643145145121741,10,77615,69820,7.488025355139261,3.474205957845591,103638373.84836625
m11c_res2100,1.1725484046248615,0.7769498479221665,0.690672012928292,0.662616438568896,0.5890349687945391,0.8889531477165336,0.4109650312054609,0.8589693438602994,9,597830,536624,10.76434781080744,3.9159088740390158,810070657.094341
m11d_res7100,2.791293592679904,1.3368068024274056,1.2031529382098807,0.47892017017957095,0.4310377601858574,0.9000200597611914,0.5689622398141426,0.9464865713891469,9,791342,708315,20.36018288812384,10.250079627850528,3861348154.8812747
m11e_res7100,1.5689315662010042,0.6697942728026388,0.43981893660212557,0.42691108218599505,0.2803302234954064,0.6566478013641098,0.7196697765045936,0.8874903906094189,9,279844,250513,14.930677032434513,5.938321620577117,1333600071.2948916
m11h_res7100,1.6272095091791243,1.4555090737719771,0.5686695102683005,0.8944816666578081,0.34947528702384256,0.39070145319986466,0.6505247129761574,0.22771392773925575,9,717722,642219,11.310857970944298,5.280308406023946,3565477926.2627883
m11i_res7100,1.7739908652658078,1.0493043114620149,0.7988179647909106,0.5914936384437308,0.45029429431206164,0.7612834104130412,0.5497057056879384,0.8154875740795284,9,185548,166244,11.8181328318388,5.3603515804449575,891738755.3904966
m11q_res7100,1.005974465461063,0.7227776293953088,0.4469124760407271,0.7184850651890472,0.444258270348737,0.618326381261445,0.555741729651263,0.6027390516104713,9,129669,116099,10.82851219107568,3.4052427573136885,599384307.6984094
m11v_res7100,0.9206395919369931,0.8643504291851413,0.6295990084812364,0.9388586334491422,0.6838713151110332,0.7284071219525919,0.31612868488896684,0.22269398288873998,8,484370,433163,7.9447244574546865,3.0267257493031385,2369663850.4167857
