Simulation,a,b,c,b/a,c/a,c/b,ellipticity,triaxiality,Iterations,Initial Particles,Remaining Particles,Max Radius,r_50,mass,Center of Mass,Rotation Matrix
m10b_res500,0.1863407317548343,0.10769609487006912,0.08883141108252053,0.5779525166390527,0.47671494174121143,0.8248340962566187,0.5232850582587886,0.8618272898528124,9,1288,1155,1.3035199239534752,0.459797093965866,418206.0768721156,[-0.00283563 -0.01799343  0.01944611],"[[-0.34018084 -0.33168843 -0.87992033]
 [-0.35278984 -0.82236375  0.44638233]
 [-0.87167444  0.46227767  0.16273608]]"
