Simulation,a,b,c,b/a,c/a,c/b,ellipticity,triaxiality,Iterations,Initial Particles,Remaining Particles,Max Radius,r_50,mass,Age Range,Snapshot,Redshift,Center of Mass,Rotation Matrix
m12_elvis_RomeoJuliet_res3500,2.294668456987914,1.9532072629101458,0.10989892633508389,0.8511936689424905,0.04789316121046184,0.05626588044288857,0.9521068387895382,0.2761026497554424,30,99699,86817,24.1763302788453,11.457297481878117,416602017.7325519,"[4.045898115645485e-06, 0.09999790633887162]",446,0.30020699,[ 0.7223817  -2.07727778  1.18460453],"[[-0.21508689  0.05803026  0.97486928]
 [ 0.85177404  0.49945422  0.15819759]
 [-0.47772233  0.86439457 -0.15685472]]"
