Simulation,a,b,c,b/a,c/a,c/b,ellipticity,triaxiality,Iterations,Initial Particles,Remaining Particles,Max Radius,r_50,mass,Age Range,Snapshot,Redshift,Center of Mass,Rotation Matrix
m12_elvis_RomeoJuliet_res3500,1.2397031315948863,1.1439836524089502,0.4351013935531922,0.9227883863915126,0.3509722468744847,0.3803388209586518,0.6490277531255153,0.16931850434448037,11,534144,480627,8.651647068881312,3.740775693834645,1626096895.643936,"[3.112613461198066e-06, 0.09999997807153527]",214,1.5,[ 0.14516214  0.42589354 -0.08729735],"[[-0.28029733 -0.29653326 -0.91296299]
 [-0.51516213 -0.75604814  0.40373158]
 [ 0.80996382 -0.58348885 -0.05915557]]"
