Simulation,a,b,c,b/a,c/a,c/b,ellipticity,triaxiality,Iterations,Initial Particles,Remaining Particles,Max Radius,r_50,mass,Age Range,Snapshot,Redshift,Center of Mass,Rotation Matrix
m12_elvis_RomeoJuliet_res3500,1.5507061139164893,1.4437759570227797,0.08103680452044149,0.9310442153196617,0.052258002849923366,0.05612837928645663,0.9477419971500767,0.13352130229225967,30,104309,90894,21.34347139870942,9.012845647773402,427186977.8052331,"[1.8546441379108103e-05, 0.0999878242917589]",412,0.3986637,[-0.46652354  0.61306697 -1.46526276],"[[ 0.13912563  0.30344103 -0.94263864]
 [ 0.60016671 -0.78299256 -0.16347039]
 [ 0.78768266  0.54299741  0.29104954]]"
