Simulation,a,b,c,b/a,c/a,c/b,ellipticity,triaxiality,Iterations,Initial Particles,Remaining Particles,Max Radius,r_50,mass,Age Range,Snapshot,Redshift,Center of Mass,Rotation Matrix
m12_elvis_RomeoJuliet_res3500,2.3903223697457077,0.6613977705561551,0.5750652499551798,0.27669814704805584,0.24058062512143819,0.869469592362883,0.7594193748785618,0.9801693963584474,30,13030,11568,4.582123346890176,4.552489628557682,37256215.50559561,"[8.175803658971859e-06, 0.0999620335744762]",120,3.0,[0.80211747 0.47469584 0.06402672],"[[ 0.5534929   0.21591914 -0.80437835]
 [-0.10100892 -0.94127729 -0.32217116]
 [ 0.826706   -0.25956884  0.49918054]]"
