Simulation,a,b,c,b/a,c/a,c/b,ellipticity,triaxiality,Iterations,Initial Particles,Remaining Particles,Max Radius,r_50,mass,Age Range,Snapshot,Redshift,Center of Mass,Rotation Matrix
m12_elvis_RomeoJuliet_res3500,2.3961200803169436,2.022710098727243,0.15757396003263716,0.8441605724783591,0.06576212992288528,0.07790239448143754,0.9342378700771147,0.28864120228022244,30,102721,89288,23.244470605708315,11.1687705706982,412584988.26375204,"[2.3622625026309407e-05, 0.09997809507602451]",486,0.20076481,[0.2311059  0.65524693 1.7128067 ],"[[ 0.07725756 -0.37053233  0.92560092]
 [ 0.43839187  0.84643788  0.30225069]
 [ 0.89545733 -0.38242477 -0.22783209]]"
