Simulation,a,b,c,b/a,c/a,c/b,ellipticity,triaxiality,Iterations,Initial Particles,Remaining Particles,Max Radius,r_50,mass,Age Range,Snapshot,Redshift,Center of Mass,Rotation Matrix
m12_elvis_RomeoJuliet_res3500,0.14839067414302193,0.1076401999855612,0.058949653793991176,0.7253838599170687,0.39725982872194726,0.5476546290502865,0.6027401712780527,0.562606155166751,30,1136,962,0.429170291321758,0.3621477923426371,2751124.723483358,"[3.2174266429763065e-05, 0.09974506505661473]",020,10.0,[-0.05610509 -0.03890354  0.01020499],"[[-0.90852526 -0.39759398 -0.12845577]
 [ 0.25576683 -0.77230904  0.58148266]
 [ 0.33040156 -0.49543696 -0.80335361]]"
