Simulation,a,b,c,b/a,c/a,c/b,ellipticity,triaxiality,Iterations,Initial Particles,Remaining Particles,Max Radius,r_50,mass,Age Range,Snapshot,Redshift,Center of Mass,Rotation Matrix
m12_elvis_RomeoJuliet_res3500,3.2649433599720123,1.0437530797376184,0.44671917822009516,0.3196848963856346,0.13682294881339827,0.427993159390143,0.8631770511866017,0.9149295228333706,30,80903,70722,8.486367597708838,6.540240370434557,241816224.55376372,"[2.0034982810557267e-06, 0.09999774050969279]",172,2.0,[0.54321198 0.15247529 0.93959671],"[[-0.60995939  0.12684827  0.7822142 ]
 [-0.50447412  0.69907939 -0.50674833]
 [-0.61110997 -0.70370273 -0.36241837]]"
