Simulation,a,b,c,b/a,c/a,c/b,ellipticity,triaxiality,Iterations,Initial Particles,Remaining Particles,Max Radius,r_50,mass,Age Range,Snapshot,Redshift,Center of Mass,Rotation Matrix
m12_elvis_RomeoJuliet_res3500,1.583377978762418,1.3059003429011888,0.08910969246263,0.8247559082019644,0.05627821888256833,0.0682362118572263,0.9437217811174317,0.3207937219267277,30,128875,112094,27.592806576444264,12.576067432195286,490276157.4547048,"[1.2411751756147282e-05, 0.09998479655287307]",534,0.0998249,[0.01986019 0.30453401 0.00157573],"[[-0.43132202  0.01953449 -0.90198654]
 [ 0.83667051 -0.36539956 -0.408002  ]
 [-0.33755559 -0.93064578  0.14126094]]"
