Simulation,a,b,c,b/a,c/a,c/b,ellipticity,triaxiality,Iterations,Initial Particles,Remaining Particles,Max Radius,r_50,mass,Age Range,Snapshot,Redshift,Center of Mass,Rotation Matrix
m12m_res7100,1.3435371199654575,1.1855968703191153,0.4468763207339196,0.8824444466034531,0.3326118155525236,0.37692096860346663,0.6673881844474764,0.24881877383747447,9,11385204,10161873,17.376674038899566,7.25009305803181,60800962204.179375,"[5.183309142221621, 13.575876076993126]",382,0.49880669,[-0.04200883  0.11237117 -0.31867002],"[[-0.0851639  -0.08040079  0.99311773]
 [ 0.99296556 -0.0891383   0.07793439]
 [-0.08225884 -0.99276889 -0.08742658]]"
