Simulation,a,b,c,b/a,c/a,c/b,ellipticity,triaxiality,Iterations,Initial Particles,Remaining Particles,Max Radius,r_50,mass,Age Range,Snapshot,Redshift,Center of Mass,Rotation Matrix
m12m_res7100,0.9852689064210007,0.9517103384699923,0.2685911517766982,0.9659396863817511,0.2726069502714322,0.2822194326568902,0.7273930497285678,0.07233615071373783,13,20847432,18517361,16.377940349964973,6.466972313537343,116259592301.32455,"[0.02300833258720637, 13.582780730134264]",590,0.0015949,[ 0.04854937  0.04824701 -0.14865702],"[[-0.17810998  0.54810739 -0.81722404]
 [-0.44400393 -0.78591757 -0.43034183]
 [ 0.87814426 -0.2862025  -0.3833416 ]]"
