Simulation,a,b,c,b/a,c/a,c/b,ellipticity,triaxiality,Iterations,Initial Particles,Remaining Particles,Max Radius,r_50,mass,Age Range,Snapshot,Redshift,Center of Mass,Rotation Matrix
m12m_res7100,2.2033243890368572,1.3876773056388276,0.5677067467829701,0.629810713548823,0.2576591761103015,0.4091057369577879,0.7423408238896985,0.6462412943787738,30,3921165,3510223,13.16414795910825,8.816682628416725,19893134824.45571,"[7.933127667679436, 13.575876076993126]",277,1.0,[-0.09921021 -0.31351474 -0.19886956],"[[-0.21543863 -0.2718695  -0.93790894]
 [-0.74067689  0.67141501 -0.0244873 ]
 [-0.63638349 -0.68941196  0.34601619]]"
