Simulation,a,b,c,b/a,c/a,c/b,ellipticity,triaxiality,Iterations,Initial Particles,Remaining Particles,Max Radius,r_50,mass,Age Range,Snapshot,Redshift,Center of Mass,Rotation Matrix
m12m_res7100,2.038750606676573,1.6766044117752628,0.6241400441472839,0.8223685654756688,0.306138495852964,0.3722643455807305,0.693861504147036,0.3571856607644946,30,4904721,4392781,14.683661765797057,8.280033734245293,25032829729.918194,"[7.491911315208218, 13.585034022251078]",294,0.89728099,[0.01886063 0.08857492 0.01354794],"[[-0.26836414 -0.17529397  0.94723424]
 [ 0.55215102 -0.83374137  0.00214065]
 [-0.78937313 -0.52359083 -0.32053503]]"
