Simulation,a,b,c,b/a,c/a,c/b,ellipticity,triaxiality,Iterations,Initial Particles,Remaining Particles,Max Radius,r_50,mass,Age Range,Snapshot,Redshift,Center of Mass,Rotation Matrix
m12m_res7100,0.300701852638424,0.16944762178360057,0.14463854789858635,0.5635070761846991,0.4810031818211162,0.8535885389014337,0.5189968181788838,0.8878842900690209,30,9768,8768,1.8702513574474744,1.04999463035305,48646668.243677646,"[12.738770132463072, 13.575876076993126]",067,5.0,[-0.1389745   0.03828623  0.23513277],"[[ 0.68059477 -0.57768571 -0.45063286]
 [ 0.22076904  0.74817797 -0.62569222]
 [-0.69860703 -0.32635707 -0.63674114]]"
