Simulation,a,b,c,b/a,c/a,c/b,ellipticity,triaxiality,Iterations,Initial Particles,Remaining Particles,Max Radius,r_50,mass,Age Range,Snapshot,Redshift,Center of Mass,Rotation Matrix
m12m_res7100,0.926154190849175,0.8873222525104958,0.27755514513507556,0.958071842979974,0.2996856763997256,0.3128008390973971,0.7003143236002745,0.09019927642175751,16,17806866,15824909,16.044023747664962,6.419910873852355,98696213974.65616,"[2.5172176718267947, 13.58123481622981]",486,0.20076481,[-0.15951832  0.24851119  0.19285623],"[[ 0.36010963  0.16968309 -0.91734874]
 [-0.93094995  0.12906922 -0.34157477]
 [-0.06044203 -0.97701013 -0.20444553]]"
