Simulation,a,b,c,b/a,c/a,c/b,ellipticity,triaxiality,Iterations,Initial Particles,Remaining Particles,Max Radius,r_50,mass,Age Range,Snapshot,Redshift,Center of Mass,Rotation Matrix
m12b_res7100,0.25562209194401686,0.2066819091233811,0.1774753214293384,0.8085447840269063,0.6942878844298278,0.8586882237641442,0.3057121155701722,0.6684926158148018,30,51221,45924,2.993878127475376,1.6047202573775703,255299233.7712112,"[11.996905661990755, 13.569698753868217]",102,3.50704241,[0.00133959 0.10432346 0.12129169],"[[ 0.79180393  0.61077337  0.00155606]
 [ 0.59775026 -0.77439246 -0.20739078]
 [ 0.12546376 -0.16514297  0.97825694]]"
