Simulation,a,b,c,b/a,c/a,c/b,ellipticity,triaxiality,Iterations,Initial Particles,Remaining Particles,Max Radius,r_50,mass,Age Range,Snapshot,Redshift,Center of Mass,Rotation Matrix
m12b_res7100,0.6565271646803946,0.5887515181668188,0.22821962407972057,0.8967664246664191,0.34761642222499756,0.3876331814656248,0.6523835777750024,0.22272322540090025,29,15856898,14102802,14.792975439095278,3.735777191692762,87082721270.20496,"[3.1819340775850465e-05, 13.605978112543662]",600,0.0,[ 0.00887743 -0.10632302  0.01056875],"[[-0.88943767  0.26936237  0.36924863]
 [ 0.34947612  0.92146516  0.16961251]
 [ 0.29456251 -0.27990334  0.91372154]]"
