Simulation,a,b,c,b/a,c/a,c/b,ellipticity,triaxiality,Iterations,Initial Particles,Remaining Particles,Max Radius,r_50,mass,Age Range,Snapshot,Redshift,Center of Mass,Rotation Matrix
m12b_res7100,0.20421035253989067,0.10538134787330163,0.09611470022033008,0.5160431220190774,0.47066516963950167,0.9120655804847677,0.5293348303604983,0.9424839047591247,30,1295,1149,0.8877786140816954,0.5359087948446869,6514915.025589528,"[13.034445105930134, 13.516944468078623]",041,7.0,[-0.05632993  0.02255096 -0.13698277],"[[ 0.48601519  0.59795397  0.63736982]
 [-0.26893012 -0.59158486  0.76006838]
 [ 0.83154424 -0.54081272 -0.1267114 ]]"
