Simulation,a,b,c,b/a,c/a,c/b,ellipticity,triaxiality,Iterations,Initial Particles,Remaining Particles,Max Radius,r_50,mass,Age Range,Snapshot,Redshift,Center of Mass,Rotation Matrix
m12b_res7100,0.300621978223876,0.2754993403427815,0.1529334738402562,0.9164311337796287,0.5087235296095525,0.5551137568967442,0.49127647039044753,0.21607379519830486,24,8930345,7960482,6.931377055874858,1.4822393031320784,48880122333.69514,"[5.183313061418998, 13.605978112543662]",382,0.49880669,[ 0.01796074  0.02246467 -0.01027418],"[[ 0.90658939 -0.39891819 -0.13769513]
 [ 0.32455088  0.45050431  0.83169261]
 [-0.26974506 -0.79869277  0.53789168]]"
