Simulation,a,b,c,b/a,c/a,c/b,ellipticity,triaxiality,Iterations,Initial Particles,Remaining Particles,Max Radius,r_50,mass,Age Range,Snapshot,Redshift,Center of Mass,Rotation Matrix
m12b_res7100,0.3302704194946508,0.17259059629262186,0.15994767986922892,0.5225735824501146,0.4842930835706269,0.9267462034724229,0.515706916429373,0.949646816624997,30,2320,2036,1.4135440493790736,0.9333693761334774,11276553.078735942,"[12.755348648692395, 13.552170952529405]",059,5.49484539,[-0.06751893  0.04929887  0.0331051 ],"[[ 0.90583531  0.29906251  0.30004002]
 [ 0.42321542 -0.67017762 -0.60971359]
 [ 0.01873763  0.67928166 -0.73363841]]"
