Simulation,a,b,c,b/a,c/a,c/b,ellipticity,triaxiality,Iterations,Initial Particles,Remaining Particles,Max Radius,r_50,mass,Age Range,Snapshot,Redshift,Center of Mass,Rotation Matrix
m12b_res7100,0.6766833677778059,0.6127008846080599,0.2354598723240519,0.9054469398592414,0.3479616664693419,0.3842982411795827,0.6520383335306581,0.204984856429692,24,15837810,14093723,14.865600273817044,3.7100641354304282,86993193211.20152,"[0.022993700389977587, 13.605978112543662]",590,0.0015949,[ 0.02957231 -0.12335504  0.01294955],"[[ 0.54979968  0.74564966 -0.37646632]
 [ 0.74720692 -0.64049034 -0.17735259]
 [-0.37336594 -0.18378984 -0.90929597]]"
