Simulation,a,b,c,b/a,c/a,c/b,ellipticity,triaxiality,Iterations,Initial Particles,Remaining Particles,Max Radius,r_50,mass,Age Range,Snapshot,Redshift,Center of Mass,Rotation Matrix
m12b_res7100,0.3979916010402265,0.38232175072543945,0.1848580567348342,0.9606276859264594,0.4644772810573706,0.48351436031058603,0.5355227189426295,0.09842955759154873,15,9689921,8643443,7.73173614610652,1.740851068925391,53131785962.71601,"[4.401443126819294, 13.605978112543662]",412,0.3986637,[-0.1567975   0.05336575 -0.1099855 ],"[[-0.11152379  0.98738832  0.11236878]
 [ 0.53912109  0.15510244 -0.82782346]
 [-0.83481189 -0.03174163 -0.54961948]]"
