Simulation,a,b,c,b/a,c/a,c/b,ellipticity,triaxiality,Iterations,Initial Particles,Remaining Particles,Max Radius,r_50,mass,Age Range,Snapshot,Redshift,Center of Mass,Rotation Matrix
m12b_res7100,0.526706421483585,0.39029285651128176,0.30410027255454114,0.7410064517761824,0.5773619993049933,0.7791592069422127,0.4226380006950067,0.6763778998538762,30,14965,13429,2.606480444964727,1.7610866120365292,73793016.82488565,"[12.254949462525149, 13.52743991767713]",088,4.0,[ 0.18459105 -0.01423985 -0.01103293],"[[-0.80322914  0.56266683 -0.19552233]
 [ 0.06239612 -0.24695737 -0.9670154 ]
 [-0.59239317 -0.78893479  0.16325513]]"
