Simulation,a,b,c,b/a,c/a,c/b,ellipticity,triaxiality,Iterations,Initial Particles,Remaining Particles,Max Radius,r_50,mass,Age Range,Snapshot,Redshift,Center of Mass,Rotation Matrix
m12b_res7100,0.15385269034974638,0.13538100292269103,0.13170550870610429,0.8799391327830245,0.8560494353833143,0.9728507387503575,0.14395056461668565,0.8447775272235318,30,6140039,5453825,5.168636542123859,1.0198506949270094,33091089726.17586,"[7.491910340046114, 13.605978112543662]",294,0.89728099,[-0.00199042 -0.05060522  0.03934745],"[[-0.51672482 -0.61625225  0.59433041]
 [ 0.24254823  0.56037881  0.79192547]
 [-0.82107601  0.55336133 -0.14009075]]"
