Simulation,a,b,c,b/a,c/a,c/b,ellipticity,triaxiality,Iterations,Initial Particles,Remaining Particles,Max Radius,r_50,mass,Age Range,Snapshot,Redshift,Center of Mass,Rotation Matrix
m12b_res7100,0.7068388852760199,0.5911008952484911,0.46585121871127644,0.8362597298501295,0.6590628054218636,0.7881077874453881,0.3409371945781364,0.5315601342207161,30,12865285,11482940,14.362266174065649,2.670769579887671,70270881156.92154,"[2.5172176718267947, 13.605978112543662]",486,0.20076481,[-0.13375337 -0.45475438 -0.21263484],"[[-0.74887227  0.01977971 -0.66241912]
 [ 0.66165687  0.07876027 -0.74565878]
 [ 0.03742339 -0.99669734 -0.07206877]]"
