Simulation,a,b,c,b/a,c/a,c/b,ellipticity,triaxiality,Iterations,Initial Particles,Remaining Particles,Max Radius,r_50,mass,Age Range,Snapshot,Redshift,Center of Mass,Rotation Matrix
m12b_res7100,1.0183998981924487,0.5948339923122157,0.4298595579679636,0.5840868536691556,0.42209308811884066,0.7226546625168985,0.5779069118811593,0.8016701690131586,30,11001391,9820185,15.337530840660103,2.9453157365504237,60090381276.19357,"[3.526423325127056, 13.605978112543662]",446,0.30020699,[-0.68218319 -0.54522647 -0.00885058],"[[ 0.82182109  0.14805263  0.55017317]
 [ 0.55055318  0.0421623  -0.83373469]
 [-0.14663318  0.98808034 -0.04686098]]"
