Simulation,a,b,c,b/a,c/a,c/b,ellipticity,triaxiality,Iterations,Initial Particles,Remaining Particles,Max Radius,r_50,mass,Age Range,Snapshot,Redshift,Center of Mass,Rotation Matrix
m12b_res7100,0.5281100386685836,0.36841773131408534,0.3231251021988678,0.6976154671153421,0.611851846280933,0.8770617555412814,0.38814815371906697,0.8204955892276228,30,119464,106940,3.7810303486368695,2.3168267538732947,594858823.4308938,"[11.647385409399089, 13.569026192104266]",120,3.0,[ 0.0942541  -0.13278179 -0.29291482],"[[ 0.80692353 -0.36031371 -0.46802613]
 [ 0.54376564  0.76257106  0.35043446]
 [-0.23063684  0.53727034 -0.81126274]]"
