Simulation,a,b,c,b/a,c/a,c/b,ellipticity,triaxiality,Iterations,Initial Particles,Remaining Particles,Max Radius,r_50,mass,Age Range,Snapshot,Redshift,Center of Mass,Rotation Matrix
m12_elvis_RomeoJuliet_res3500,0.6924877809531489,0.36294482916473925,0.25621238116593326,0.5241173045178897,0.3699883062388181,0.7059265226496434,0.6300116937611819,0.8403357426399631,7,54612,48998,2.4631350506809078,2.056118077704281,136779581.11724773,"[3.199268030940061e-05, 0.4997621176058864]",067,5.0,[-2.90379041e-16 -2.04411561e-16  7.94721585e-17],"[[-9.98552190e-01  5.37443653e-02 -2.25084479e-03]
 [-5.37909063e-02 -9.97474095e-01  4.63893216e-02]
 [-2.48005273e-04 -4.64432336e-02 -9.98920900e-01]]"
