Simulation,a,b,c,b/a,c/a,c/b,ellipticity,triaxiality,Iterations,Initial Particles,Remaining Particles,Max Radius,r_50,mass,Age Range,Snapshot,Redshift,Center of Mass,Rotation Matrix
m12_elvis_RomeoJuliet_res3500,0.1294958916052684,0.10480550733245855,0.054348074377089224,0.8093346131159783,0.4196895646910094,0.5185612451136666,0.5803104353089906,0.41873279896943194,6,1273,1142,0.43801870858852804,0.3508754528585318,3256321.1183187105,"[3.2174266429763065e-05, 0.31070422139028864]",020,10.0,[-4.06196307e-18 -2.86368397e-17 -1.57349806e-17],"[[-9.99993925e-01  3.33188205e-03  1.02386612e-03]
 [ 3.33268149e-03  9.99994142e-01  7.80097110e-04]
 [-1.02126094e-03  7.83504591e-04 -9.99999172e-01]]"
