Simulation,a,b,c,b/a,c/a,c/b,ellipticity,triaxiality,Iterations,Initial Particles,Remaining Particles,Max Radius,r_50,mass,Age Range,Snapshot,Redshift,Center of Mass,Rotation Matrix
m12_elvis_RomeoJuliet_res3500,1.3556375308429454,1.2191543293881015,0.06582944482038341,0.899321759430799,0.04855976861266904,0.053995989870637195,0.9514402313873309,0.19167234620641618,6,533444,467374,22.686493013117424,9.562625251172026,2073695723.9932964,"[4.045898115645485e-06, 0.4999941044209959]",446,0.30020699,[-1.29342316e-16 -3.05894577e-15  7.99295093e-16],"[[ 9.99876489e-01 -1.57162198e-02 -8.59185088e-05]
 [-1.57162387e-02 -9.99876467e-01 -2.22938585e-04]
 [ 8.24041432e-05 -2.24261365e-04  9.99999971e-01]]"
