Simulation,a,b,c,b/a,c/a,c/b,ellipticity,triaxiality,Iterations,Initial Particles,Remaining Particles,Max Radius,r_50,mass,Age Range,Snapshot,Redshift,Center of Mass,Rotation Matrix
m12_elvis_RomeoJuliet_res3500,2.311388744866583,1.474082862633573,0.18762726692365983,0.6377477029372051,0.08117512354439105,0.12728407044122875,0.918824876455609,0.5972131440976016,7,944743,843862,18.200374222637397,8.405351971800412,3183561674.1804585,"[4.035554441728095e-06, 0.49999645537346193]",332,0.70189703,[-7.88571111e-15 -1.49120819e-15  4.25457704e-16],"[[-0.99982973  0.01824314  0.00277422]
 [-0.0182388  -0.99983241  0.00158267]
 [ 0.00280263  0.0015318   0.9999949 ]]"
