Simulation,a,b,c,b/a,c/a,c/b,ellipticity,triaxiality,Iterations,Initial Particles,Remaining Particles,Max Radius,r_50,mass,Age Range,Snapshot,Redshift,Center of Mass,Rotation Matrix
m12_elvis_RomeoJuliet_res3500,0.7253346744859044,0.7092250658876724,0.09893084151739874,0.9777901027416758,0.1363933712220748,0.13949146226744824,0.8636066287779252,0.04475917673580272,7,1266939,1133017,12.934510225109442,6.079709918420279,4008651463.4946513,"[1.9254655825307054e-07, 0.49999939353664935]",294,0.89728099,[ 2.67631801e-16 -1.08558149e-15 -4.19638300e-16],"[[ 0.974806   -0.22220665  0.01942858]
 [-0.22238333 -0.97493095  0.00743574]
 [-0.01728925  0.01156899  0.9997836 ]]"
