Simulation,a,b,c,b/a,c/a,c/b,ellipticity,triaxiality,Iterations,Initial Particles,Remaining Particles,Max Radius,r_50,mass,Age Range,Snapshot,Redshift,Center of Mass,Rotation Matrix
m12_elvis_RomeoJuliet_res3500,1.0148259261701167,0.9762803399790012,0.05808148210634268,0.9620175389718473,0.05723295060615785,0.059492626992357495,0.9427670493938421,0.07476716282425272,8,541331,472297,26.106536471569942,10.246765159482292,2035570643.568551,"[2.3622625026309407e-05, 0.49998569677571014]",486,0.20076481,[ 1.44942046e-16 -1.09365362e-15  1.13153620e-15],"[[-0.97274423 -0.23187189  0.00202006]
 [ 0.23187596 -0.97274312  0.0020884 ]
 [-0.00148076 -0.00249988 -0.99999578]]"
