Simulation,a,b,c,b/a,c/a,c/b,ellipticity,triaxiality,Iterations,Initial Particles,Remaining Particles,Max Radius,r_50,mass,Age Range,Snapshot,Redshift,Center of Mass,Rotation Matrix
m12_elvis_RomeoJuliet_res3500,0.4898048115090027,0.2857358232397815,0.2474943171333643,0.5833667136904588,0.5052917229842593,0.8661648173028484,0.4947082770157407,0.885861086676805,7,318987,284842,3.5300535733208895,1.9752445388743831,838540585.1469458,"[1.6803103708440403e-06, 0.4999556058545327]",088,4.0,[-4.76284268e-16 -1.94300067e-16  8.56913117e-17],"[[-9.99019088e-01 -4.42620789e-02  1.31512346e-03]
 [ 4.42797103e-02 -9.98810771e-01  2.04046668e-02]
 [ 4.10406506e-04  2.04428849e-02  9.99790938e-01]]"
