Simulation,a,b,c,b/a,c/a,c/b,ellipticity,triaxiality,Iterations,Initial Particles,Remaining Particles,Max Radius,r_50,mass,Age Range,Snapshot,Redshift,Center of Mass,Rotation Matrix
m12_elvis_RomeoJuliet_res3500,0.9033184964347822,0.875359091554706,0.3325243692751737,0.9690481209114765,0.368114204001779,0.37987195481637653,0.6318857959982209,0.07049891045215866,6,1760638,1582941,8.781972413658778,3.983078085939974,5024593212.821772,"[3.112613461198066e-06, 0.4999932343206588]",214,1.5,[ 1.27010091e-15  1.45688045e-15 -3.36203181e-16],"[[-9.88995373e-01 -1.47398507e-01  1.27213004e-02]
 [ 1.47410832e-01 -9.89075349e-01  3.15517775e-05]
 [ 1.25776739e-02  1.90646204e-03  9.99919080e-01]]"
