Simulation,a,b,c,b/a,c/a,c/b,ellipticity,triaxiality,Iterations,Initial Particles,Remaining Particles,Max Radius,r_50,mass,Age Range,Snapshot,Redshift,Center of Mass,Rotation Matrix
m12_elvis_RomeoJuliet_res3500,1.3294751472333588,1.1912900332437775,0.07273694721397567,0.8960604007700746,0.05471102439586136,0.06105729518773811,0.9452889756041386,0.1976674353529903,5,636133,556160,28.244542725950197,12.641772990986043,2290724442.0164747,"[1.2411751756147282e-05, 0.49998643980051183]",534,0.0998249,[-1.63910803e-16 -9.60048987e-16 -1.31128642e-15],"[[ 9.98176184e-01  5.97205766e-02  8.81807318e-03]
 [-5.97233677e-02  9.98214965e-01  5.32934125e-05]
 [-8.79914990e-03 -5.79841242e-04  9.99961119e-01]]"
