Simulation,a,b,c,b/a,c/a,c/b,ellipticity,triaxiality,Iterations,Initial Particles,Remaining Particles,Max Radius,r_50,mass,Age Range,Snapshot,Redshift,Center of Mass,Rotation Matrix
m12_elvis_RomeoJuliet_res3500,0.35689670791491673,0.33608447357175136,0.24904791815872956,0.9416855524816806,0.6978151174711927,0.7410277407699402,0.30218488252880726,0.22069471556992493,15,7668348,6841402,8.474621889610402,2.2196860794614612,19551394642.597157,"[6.496567380918973, 13.635445238012979]",332,0.70189703,[-0.03100945 -0.0162294  -0.06172667],"[[-0.74527601  0.55658914  0.36711334]
 [-0.25130365 -0.74447665  0.61854748]
 [-0.61758412 -0.36873168 -0.69471347]]"
