Simulation,a,b,c,b/a,c/a,c/b,ellipticity,triaxiality,Iterations,Initial Particles,Remaining Particles,Max Radius,r_50,mass,Age Range,Snapshot,Redshift,Center of Mass,Rotation Matrix
m12_elvis_RomeoJuliet_res3500,0.6604808737690978,0.3268188640770808,0.30066535815823314,0.4948195732180061,0.4552218998295246,0.9199755314225703,0.5447781001704755,0.9525470331163046,23,358044,321790,3.4465316664693284,2.608944402662653,881768034.8785723,"[11.9968545344354, 13.635445238012979]",102,3.50704241,[ 0.02294649  0.03048336 -0.1701997 ],"[[-0.60213121 -0.77546003 -0.18999936]
 [ 0.43287627 -0.11712346 -0.89381219]
 [-0.67086224  0.62043843 -0.40620193]]"
