Simulation,a,b,c,b/a,c/a,c/b,ellipticity,triaxiality,Iterations,Initial Particles,Remaining Particles,Max Radius,r_50,mass,Age Range,Snapshot,Redshift,Center of Mass,Rotation Matrix
m12_elvis_RomeoJuliet_res3500,0.7171677275138328,0.5023700499358813,0.37832810952756196,0.7004917129740637,0.527530862046863,0.7530865137677871,0.47246913795313705,0.7056996862489332,30,684777,614922,4.373266440064369,2.4095307070423533,1725614734.526083,"[11.647369438071337, 13.635445238012979]",120,3.0,[-0.01927819  0.05982481 -0.05707148],"[[-0.72951389 -0.05481031 -0.68176632]
 [ 0.37009739  0.80661732 -0.46086485]
 [-0.57518467  0.58852725  0.56815339]]"
