Simulation,a,b,c,b/a,c/a,c/b,ellipticity,triaxiality,Iterations,Initial Particles,Remaining Particles,Max Radius,r_50,mass,Age Range,Snapshot,Redshift,Center of Mass,Rotation Matrix
m12_elvis_RomeoJuliet_res3500,0.329690015107518,0.29390644469607285,0.2591181338007086,0.891462984101064,0.7859447418090759,0.8816347462835029,0.21405525819092408,0.537009298265276,25,6005681,5371045,8.193098684800354,2.2423051148130115,15210434050.28961,"[7.933137825568236, 13.635445238012979]",277,1.0,[ 0.02682645 -0.00348495 -0.0746951 ],"[[-0.19543968 -0.33166251  0.92293191]
 [-0.92116436  0.38502041 -0.05670541]
 [-0.33654056 -0.86125447 -0.38076395]]"
