Simulation,a,b,c,b/a,c/a,c/b,ellipticity,triaxiality,Iterations,Initial Particles,Remaining Particles,Max Radius,r_50,mass,Age Range,Snapshot,Redshift,Center of Mass,Rotation Matrix
m12_elvis_RomeoJuliet_res3500,0.973913414788411,0.5052790390820923,0.4123708272695919,0.5188131012569197,0.4234163129986069,0.8161249435929884,0.5765836870013932,0.8904793225261822,30,258927,232487,2.4073241979919913,2.32268010162523,650983997.0852774,"[12.254925629609163, 13.635445238012979]",088,4.0,[0.65871496 0.36918925 0.17395939],"[[ 0.90832572  0.01008152 -0.41814201]
 [ 0.01014401 -0.9999464  -0.00207327]
 [ 0.4181405   0.00235843  0.9083793 ]]"
