Simulation,a,b,c,b/a,c/a,c/b,ellipticity,triaxiality,Iterations,Initial Particles,Remaining Particles,Max Radius,r_50,mass,Age Range,Snapshot,Redshift,Center of Mass,Rotation Matrix
m12_elvis_RomeoJuliet_res3500,0.32829398745642635,0.2975694370181285,0.2678995344632292,0.9064114738245828,0.8160354581540634,0.9002925070120971,0.18396454184593658,0.53404862861638,30,6481372,5793623,8.196083141404372,2.108156873829767,16381079714.992384,"[7.491940570064701, 13.635445238012979]",294,0.89728099,[-0.0525743   0.07752697  0.07500003],"[[ 0.06129709 -0.87852169 -0.47375342]
 [ 0.87768643  0.2734662  -0.39355148]
 [ 0.47529906 -0.39168339  0.78782925]]"
