Simulation,a,b,c,b/a,c/a,c/b,ellipticity,triaxiality,Iterations,Initial Particles,Remaining Particles,Max Radius,r_50,mass,Age Range,Snapshot,Redshift,Center of Mass,Rotation Matrix
m12_elvis_RomeoJuliet_res3500,0.5792326045008456,0.534401771379697,0.23371062779531648,0.9226030565738239,0.40348320515679004,0.4373313119676452,0.59651679484321,0.17773933155576843,11,14727364,13138581,15.027779174142905,3.1492363980940903,39631781774.057465,"[3.1819340775850465e-05, 13.635445238012979]",600,0.0,[ 0.18628876 -0.10340655  0.17945764],"[[ 0.65013668 -0.23224769 -0.72345235]
 [-0.30393402 -0.95213759  0.03252889]
 [ 0.69638094 -0.19873356  0.68960754]]"
