Simulation,a,b,c,b/a,c/a,c/b,ellipticity,triaxiality,Iterations,Initial Particles,Remaining Particles,Max Radius,r_50,mass,Age Range,Snapshot,Redshift,Center of Mass,Rotation Matrix
m12_elvis_RomeoJuliet_res3500,1.2001716824811148,0.8160132320109839,0.11704576557532555,0.6799137522758743,0.09752418531768459,0.14343611228812778,0.9024758146823154,0.5428806088710667,30,225630,202137,15.078801965336336,8.361824716955825,788108092.9558778,"[1.9254655825307054e-07, 0.09999677688728781]",294,0.89728099,[ 0.10040452  0.57767791 -0.11235608],"[[-0.26347691 -0.13140845  0.95567345]
 [-0.94416859 -0.16800706 -0.28340661]
 [ 0.19780191 -0.97698795 -0.07980575]]"
