Simulation,a,b,c,b/a,c/a,c/b,ellipticity,triaxiality,Iterations,Initial Particles,Remaining Particles,Max Radius,r_50,mass,Age Range,Snapshot,Redshift,Center of Mass,Rotation Matrix
m12_elvis_RomeoJuliet_res3500,1.8937148370415762,1.4380751191376242,0.08388275275848693,0.7593937012101741,0.04429534538026398,0.058329882522958336,0.955704654619736,0.4241534285128438,30,136869,114565,26.473544277710985,19.21497516918245,495468042.5335312,"[3.982150949159019e-06, 0.09999935504832998]",590,0.0015949,[-0.52027975  0.90492335 -0.34415371],"[[-0.01160423  0.55615671 -0.83099642]
 [ 0.13120668 -0.8230201  -0.55265064]
 [ 0.99128712  0.11544537  0.06342096]]"
