Simulation,a,b,c,b/a,c/a,c/b,ellipticity,triaxiality,Iterations,Initial Particles,Remaining Particles,Max Radius,r_50,mass,Age Range,Snapshot,Redshift,Center of Mass,Rotation Matrix
m12_elvis_RomeoJuliet_res3500,1.0859958098780509,0.9489892259994452,0.13444639141283773,0.8738424378506668,0.1238001014275875,0.14167325374136158,0.8761998985724125,0.24007895554788924,29,307607,274493,12.900041289362562,5.964317878560581,1033495741.5970373,"[9.674181162822038e-07, 0.09999308320056421]",277,1.0,[-0.38494302 -0.4858766  -0.29929041],"[[-0.45789187  0.04847422 -0.88768535]
 [-0.77394634 -0.51304283  0.3712063 ]
 [-0.43742667  0.85699318  0.27243459]]"
