Simulation,a,b,c,b/a,c/a,c/b,ellipticity,triaxiality,Iterations,Initial Particles,Remaining Particles,Max Radius,r_50,mass,Age Range,Snapshot,Redshift,Center of Mass,Rotation Matrix
m12_elvis_RomeoJuliet_res3500,1.5044755677012787,1.253628275126022,0.07628784127926862,0.8332659579453777,0.05070726498791236,0.0608536380304598,0.9492927350120877,0.3064558106991237,30,123353,108761,18.012453934592106,8.192221311175809,497777290.9108867,"[7.00817893495298e-07, 0.09999481146091327]",382,0.49880669,[ 0.37055193 -0.05486976  1.37510019],"[[ 0.26570304  0.14669202 -0.95282913]
 [ 0.13044274 -0.98473695 -0.11522949]
 [ 0.95518929  0.09367282  0.28078251]]"
