Simulation,a,b,c,b/a,c/a,c/b,ellipticity,triaxiality,Iterations,Initial Particles,Remaining Particles,Max Radius,r_50,mass,Age Range,Snapshot,Redshift,Center of Mass,Rotation Matrix
m12b_res7100,0.4054274774695943,0.2696320034449257,0.2122699839426215,0.6650560665690135,0.5235707882146223,0.7872581193277347,0.47642921178537767,0.7683161441317116,30,10215,9169,1.843594660476895,1.1858102127557306,52183588.2234926,"[12.663194710346925, 13.552170952529405]",067,5.0,[-0.00093504 -0.10420066  0.05193659],"[[ 0.5016312   0.44334024  0.7428429 ]
 [ 0.86200186 -0.32855543 -0.38601053]
 [-0.07293107 -0.83396688  0.54697377]]"
