Simulation,a,b,c,b/a,c/a,c/b,ellipticity,triaxiality,Iterations,Initial Particles,Remaining Particles,Max Radius,r_50,mass,Age Range,Snapshot,Redshift,Center of Mass,Rotation Matrix
m12b_res7100,1.0370476390847043,0.5473857348849346,0.4085999319869335,0.5278308481257967,0.39400304922111656,0.7464570337639962,0.6059969507788834,0.8539623464822337,28,954548,856462,7.762954329081591,4.105156524433181,4772154100.67326,"[10.51184212363612, 13.605978112543662]",172,2.0,[0.00201512 0.12330273 0.18952176],"[[ 0.11456579 -0.19436485  0.97421609]
 [ 0.6631933  -0.71517655 -0.22067429]
 [-0.73962783 -0.6713753  -0.04696671]]"
