Simulation,a,b,c,b/a,c/a,c/b,ellipticity,triaxiality,Iterations,Initial Particles,Remaining Particles,Max Radius,r_50,mass,Age Range,Snapshot,Redshift,Center of Mass,Rotation Matrix
m12b_res7100,0.40787845363117076,0.3224497854459004,0.25436431941414245,0.7905536136446171,0.6236277428965508,0.7888493988680878,0.37637225710344924,0.6137000153415041,11,2310130,2067726,7.246031355051582,2.899611426507609,11763349633.596167,"[9.517955422560387, 13.605978112543662]",214,1.5,[-0.0219063  -0.07433714  0.29249173],"[[ 0.06532377 -0.02452358  0.99756273]
 [-0.12320176 -0.99224735 -0.01632524]
 [ 0.99022933 -0.12183506 -0.06783868]]"
