Simulation,a,b,c,b/a,c/a,c/b,ellipticity,triaxiality,Iterations,Initial Particles,Remaining Particles,Max Radius,r_50,mass,Age Range,Snapshot,Redshift,Center of Mass,Rotation Matrix
m12b_res7100,0.21298652052362196,0.20241947457982004,0.12751907036544022,0.9503863159141569,0.5987189708153259,0.6299743175904532,0.4012810291846741,0.1508347337704424,12,7735403,6873194,5.308648328486599,1.1126862581653907,42319068313.86929,"[6.496572300266886, 13.605978112543662]",332,0.70189703,[-0.04274364  0.01349128 -0.06335421],"[[ 0.82028971 -0.57183196 -0.01153293]
 [-0.24601328 -0.33455752 -0.90969705]
 [ 0.51633542  0.74905238 -0.41511235]]"
