Simulation,a,b,c,b/a,c/a,c/b,ellipticity,triaxiality,Iterations,Initial Particles,Remaining Particles,Max Radius,r_50,mass,Age Range,Snapshot,Redshift,Center of Mass,Rotation Matrix
m12c_res7100,1.9939417602599319,1.335942210726382,0.0862881025957357,0.670000617546737,0.04327513687485392,0.06458969699656313,0.956724863125146,0.5521331729692895,30,100491,89765,13.643892135771017,7.288260246538882,734465266.8312979,"[1.5996429614251184e-06, 0.09998841209361609]",534,0.0998249,[-0.72361202 -1.238071   -1.054104  ],"[[ 0.38660668 -0.11017678  0.91563986]
 [ 0.7695222   0.58574804 -0.25443037]
 [ 0.50830193 -0.80296968 -0.31123759]]"
