Simulation,a,b,c,b/a,c/a,c/b,ellipticity,triaxiality,Iterations,Initial Particles,Remaining Particles,Max Radius,r_50,mass,Age Range,Snapshot,Redshift,Center of Mass,Rotation Matrix
m12c_res7100,0.5381006522868036,0.3070130115875138,0.2254054748827201,0.5705494135396033,0.4188909155281616,0.734188670757586,0.5811090844718384,0.8180090946109932,30,20439,18213,4.97690086358018,1.753566029788196,111491225.11263981,"[8.013991187993952e-06, 0.09998113397252517]",172,2.0,[-0.30013886  0.17903548  0.155932  ],"[[ 0.98261696  0.17627318 -0.05823806]
 [ 0.01068449  0.25948909  0.96568693]
 [ 0.18533685 -0.94952261  0.25309499]]"
