Simulation,a,b,c,b/a,c/a,c/b,ellipticity,triaxiality,Iterations,Initial Particles,Remaining Particles,Max Radius,r_50,mass,Age Range,Snapshot,Redshift,Center of Mass,Rotation Matrix
m12_elvis_RomeoJuliet_res3500,0.3991544692542717,0.20113859459884736,0.15035075403378462,0.5039116685192792,0.37667310681671784,0.7474982826326569,0.6233268931832822,0.8694300522171607,30,49111,43736,1.8396426026181423,1.35939773474841,123453724.50790349,"[12.776806135625483, 13.631232463222998]",059,5.49484539,[ 0.00017148 -0.09157944 -0.07584202],"[[ 0.31225679 -0.8866296   0.34115049]
 [ 0.80907918  0.43640234  0.3936291 ]
 [ 0.49788208 -0.1531044  -0.85362315]]"
