Simulation,a,b,c,b/a,c/a,c/b,ellipticity,triaxiality,Iterations,Initial Particles,Remaining Particles,Max Radius,r_50,mass,Center of Mass,Rotation Matrix
m12b_res7100,0.13211084807705864,0.1250652118074689,0.10253088470744011,0.946668753004446,0.7760973924536091,0.8198193824297106,0.2239026075463909,0.26106452921653484,9,5302295,4715831,5.7798502564359975,1.1515789157841605,28269261750.172203,[-0.00048075 -0.00230409 -0.03102237],"[[ 0.40689087  0.58462571  0.70189216]
 [ 0.53176769 -0.77635292  0.33837742]
 [ 0.74274016  0.23556089 -0.62677597]]"
