Simulation,a,b,c,b/a,c/a,c/b,ellipticity,triaxiality,Iterations,Initial Particles,Remaining Particles,Max Radius,r_50,mass,Age Range,Snapshot,Redshift,Center of Mass,Rotation Matrix
m12c_res7100,0.7574867547536298,0.7496827476890059,0.2543281892550908,0.9896975002986526,0.335752655289412,0.3392477551858975,0.664247344710588,0.023103287988913854,24,9696702,8644954,12.094317541673616,4.198211868112861,51972492337.50062,"[1.3410789573835231, 13.609740182276482]",534,0.0998249,[-0.14494363 -0.14246566 -0.24112437],"[[ 3.06909075e-01  2.54140239e-01 -9.17180221e-01]
 [-3.88027142e-04  9.63722301e-01  2.66906679e-01]
 [ 9.51738761e-01 -8.15601912e-02  2.95873734e-01]]"
