Simulation,a,b,c,b/a,c/a,c/b,ellipticity,triaxiality,Iterations,Initial Particles,Remaining Particles,Max Radius,r_50,mass,Age Range,Snapshot,Redshift,Center of Mass,Rotation Matrix
m12c_res7100,0.6019397546817452,0.5592281042413493,0.2492587946134412,0.929043313540608,0.41409259427503364,0.4457193633921287,0.5859074057249664,0.16520700972094216,23,7492210,6668869,11.433967303813677,3.754428889322757,39207739580.02375,"[3.526423325127056, 13.609581710519718]",446,0.30020699,[ 0.02103724 -0.00190491  0.1095175 ],"[[ 0.45725214  0.08408276 -0.88535336]
 [ 0.62283079  0.68034414  0.38628184]
 [ 0.63482461 -0.72805353  0.25871949]]"
