Simulation,a,b,c,b/a,c/a,c/b,ellipticity,triaxiality,Iterations,Initial Particles,Remaining Particles,Max Radius,r_50,mass,Age Range,Snapshot,Redshift,Center of Mass,Rotation Matrix
m12c_res7100,1.7791300870166042,0.8066373653890041,0.5933653131365085,0.45338863710727406,0.3335142930056979,0.7356035544551742,0.6664857069943021,0.8938649347687792,30,2986303,2675629,12.924554950924215,6.711317256579481,14978764703.034279,"[7.491911315208218, 13.595012249653497]",294,0.89728099,[-0.08017859 -0.1546168  -0.23246629],"[[-0.28635955 -0.51856983 -0.80565721]
 [-0.21489487 -0.78468628  0.58145303]
 [-0.93371216  0.33963623  0.11326442]]"
