Simulation,a,b,c,b/a,c/a,c/b,ellipticity,triaxiality,Iterations,Initial Particles,Remaining Particles,Max Radius,r_50,mass,Age Range,Snapshot,Redshift,Center of Mass,Rotation Matrix
m12c_res7100,0.42420512607466476,0.27365514823355613,0.24883644722160375,0.6451009933939125,0.5865946258692918,0.9093066541150163,0.4134053741307082,0.890133716203931,30,12606,11272,1.4335176618018395,1.2953818997340203,62605933.13192121,"[12.667319957876277, 13.592778697191756]",067,5.0,[-0.05682657  0.07456518 -0.15419873],"[[-0.37221379 -0.81926656  0.43618711]
 [ 0.66856974 -0.56263997 -0.48626204]
 [-0.64379453 -0.11062807 -0.75715919]]"
