Simulation,a,b,c,b/a,c/a,c/b,ellipticity,triaxiality,Iterations,Initial Particles,Remaining Particles,Max Radius,r_50,mass,Age Range,Snapshot,Redshift,Center of Mass,Rotation Matrix
m12c_res7100,0.8814837826116737,0.5322395142104064,0.4103869072726559,0.6037995533320862,0.46556376347248873,0.7710568199384397,0.5344362365275113,0.81126816390281,30,28338,25353,4.271760318660819,2.6299187939063096,140782343.34235606,"[11.647393395049477, 13.59043307555779]",120,3.0,[-0.11345179  0.52600564  0.55774593],"[[ 0.10633325  0.87684671 -0.46886362]
 [-0.72963763  0.38915499  0.56230537]
 [-0.67551623 -0.28230878 -0.68116046]]"
