Simulation,a,b,c,b/a,c/a,c/b,ellipticity,triaxiality,Iterations,Initial Particles,Remaining Particles,Max Radius,r_50,mass,Age Range,Snapshot,Redshift,Center of Mass,Rotation Matrix
m12c_res7100,0.5199804878285225,0.3693696210370908,0.26077947114249117,0.7103528491609484,0.5015178016227605,0.706012233519076,0.4984821983772395,0.6618732623632538,30,37419,33613,2.559201326406638,1.7106025158997638,185340170.31540245,"[12.25493025903366, 13.592778697191756]",088,4.0,[-0.05295326  0.01333325  0.17720682],"[[-0.22090125 -0.96828796 -0.11670929]
 [ 0.40222061 -0.19946209  0.89355104]
 [-0.88849379  0.15044366  0.4335268 ]]"
