Simulation,a,b,c,b/a,c/a,c/b,ellipticity,triaxiality,Iterations,Initial Particles,Remaining Particles,Max Radius,r_50,mass,Age Range,Snapshot,Redshift,Center of Mass,Rotation Matrix
m12c_res7100,0.38444306069181283,0.24713827769478486,0.21572559705802535,0.6428475448355204,0.5611379658403065,0.8728943127314577,0.4388620341596935,0.8564097552054376,30,6384,5666,1.340438903686349,1.044158177270496,31790380.410402812,"[0.0038586723033304793, 0.4750196927215029]",059,5.49484539,[8.45721181e-17 2.64287869e-17 1.95166426e-17],"[[-0.99980596 -0.00361947  0.01936366]
 [-0.01773093 -0.26293407 -0.96465086]
 [-0.00858289  0.96480702 -0.26281887]]"
