Simulation,a,b,c,b/a,c/a,c/b,ellipticity,triaxiality,Iterations,Initial Particles,Remaining Particles,Max Radius,r_50,mass,Age Range,Snapshot,Redshift,Center of Mass,Rotation Matrix
m12c_res7100,0.5841889014852792,0.4525632682003329,0.389763960685774,0.7746865218591231,0.667188232598759,0.861236401786899,0.33281176740124097,0.7206518619052228,6,96839,87071,4.209965800670153,1.9700782756759034,512501899.4852098,"[1.2725093098353568e-05, 0.49990560283409025]",214,1.5,[7.84667016e-17 2.61555672e-17 5.55805803e-17],"[[-0.99701441 -0.03174064  0.07039032]
 [ 0.02010721 -0.98687872 -0.1602064 ]
 [ 0.07455176 -0.15831274  0.98457052]]"
