Simulation,a,b,c,b/a,c/a,c/b,ellipticity,triaxiality,Iterations,Initial Particles,Remaining Particles,Max Radius,r_50,mass,Age Range,Snapshot,Redshift,Center of Mass,Rotation Matrix
m12c_res7100,0.4755267539034789,0.2892976977912313,0.2550449025224727,0.6083731260469777,0.5363418575902903,0.8816001802631807,0.4636581424097097,0.8842468878830791,15,11270,10082,1.4126082983920294,1.3465351964403427,56269811.87249949,"[0.044608392570319566, 0.4999279700045882]",067,5.0,[ 8.15782673e-17 -8.22735366e-17 -1.85405153e-18],"[[ 0.99990378  0.00431309 -0.01318469]
 [ 0.0033113  -0.997172   -0.07508021]
 [ 0.01347123 -0.07502933  0.99709033]]"
