Simulation,a,b,c,b/a,c/a,c/b,ellipticity,triaxiality,Iterations,Initial Particles,Remaining Particles,Max Radius,r_50,mass,Age Range,Snapshot,Redshift,Center of Mass,Rotation Matrix
m12c_res7100,0.5233926186486841,0.4114717860000877,0.19161017248840462,0.7861627606870764,0.36609261510624924,0.4656702573730384,0.6339073848937508,0.44106075312396403,30,488764,438996,7.477758456125817,2.6104690686210605,2897181922.1143675,"[5.019424030194841e-06, 0.49997095138717196]",332,0.70189703,[-3.47100104e-17 -4.23751377e-16  3.41315102e-17],"[[ 0.95626759  0.24150649 -0.16500577]
 [-0.19154684  0.9434102   0.27071571]
 [-0.22104773  0.22727033 -0.94841241]]"
