Simulation,a,b,c,b/a,c/a,c/b,ellipticity,triaxiality,Iterations,Initial Particles,Remaining Particles,Max Radius,r_50,mass,Age Range,Snapshot,Redshift,Center of Mass,Rotation Matrix
m12c_res7100,0.8353625711240614,0.8174140530669932,0.05517432332185611,0.9785140983358678,0.06604835460561,0.06749862339023692,0.93395164539439,0.04269641757576818,5,411814,367285,16.887905677763783,6.130690751045052,2876016245.955124,"[7.73983617963095e-06, 0.49999368664256416]",600,0.0,[ 1.08181668e-15  1.03518665e-15 -3.77812525e-16],"[[ 8.87878038e-01 -4.60071443e-01 -2.61875024e-03]
 [ 4.60066520e-01  8.87881520e-01 -2.28103458e-03]
 [ 3.37457881e-03  8.20481199e-04  9.99993969e-01]]"
