Simulation,a,b,c,b/a,c/a,c/b,ellipticity,triaxiality,Iterations,Initial Particles,Remaining Particles,Max Radius,r_50,mass,Age Range,Snapshot,Redshift,Center of Mass,Rotation Matrix
m12c_res7100,1.1683418786708755,1.0861970537726815,0.09456695596844712,0.9296911063466772,0.08094116773082552,0.08706243092815277,0.9190588322691745,0.13656917599904653,5,468214,418466,13.775452975473891,5.978817694071036,3213160538.278517,"[2.6420794064563324e-05, 0.49999419779944354]",486,0.20076481,[ 1.21351407e-15 -8.76484798e-17  4.66415125e-16],"[[ 9.99017135e-01  4.42098944e-02  3.20130491e-03]
 [-4.42083304e-02  9.99022178e-01 -5.57708496e-04]
 [-3.22283084e-03  4.15635999e-04  9.99994720e-01]]"
