Simulation,a,b,c,b/a,c/a,c/b,ellipticity,triaxiality,Iterations,Initial Particles,Remaining Particles,Max Radius,r_50,mass,Center of Mass,Rotation Matrix
object_2,139.38410655414094,13.046462580568887,9.270684859788878,0.09360079067193541,0.06651177877434589,0.7105899244747331,0.9334882212256541,0.9956434360609393,25,17403923,15206347,460.6577129417014,260.8185075159353,839722129101.449,[56.68311341 -0.16469825 24.35493853],"[[-0.9215899   0.19185829  0.33743511]
 [ 0.04395913 -0.81212961  0.58181879]
 [-0.3856678  -0.55103167 -0.74001652]]"
