Simulation,a,b,c,b/a,c/a,c/b,ellipticity,triaxiality,Iterations,Initial Particles,Remaining Particles,Max Radius,r_50,mass,Center of Mass,Rotation Matrix
object_0,136.42896140922628,10.414137166492514,6.888956607163832,0.07633377150218662,0.05049482555613704,0.6615004677803793,0.949505174443863,0.9967145056211302,12,16581574,14134752,357.49069203864326,140.44988279542136,768397247571.1565,[-11.33427625   1.73676466 -40.06862905],"[[-0.23282707 -0.65502418  0.71884274]
 [ 0.0170625   0.73629104  0.67644983]
 [-0.97236846  0.16976109 -0.16025214]]"
