Simulation,a,b,c,b/a,c/a,c/b,ellipticity,triaxiality,Iterations,Initial Particles,Remaining Particles,Max Radius,r_50,mass,Center of Mass,Rotation Matrix
object_1,56.13171759171492,8.087811650245975,6.023626576517301,0.1440863026689164,0.1073123509302055,0.7447782956634634,0.8926876490697945,0.9906473737565136,30,14881902,12801299,422.99171218510656,89.3833086930595,699861832661.7863,[ 20.37421443  -8.1552275  -14.93129788],"[[-0.73612415 -0.67092629 -0.0893261 ]
 [ 0.33461987 -0.47546013  0.81361367]
 [ 0.5883458  -0.56903038 -0.57450295]]"
