Simulation,a,b,c,b/a,c/a,c/b,ellipticity,triaxiality,Iterations,Initial Particles,Remaining Particles,Max Radius,r_50,mass,Center of Mass,Rotation Matrix
object_141,13.436821404826594,3.7880743856258743,2.808222485075181,0.28191744695402243,0.20899455313638754,0.7413324552789109,0.7910054468636125,0.9625662164730805,20,245449,218991,35.36825558507947,20.739560876751902,11307299305.860716,[ 4.50479228 -4.23809202 -2.63263553],"[[-0.49109714 -0.62725653  0.60446079]
 [ 0.4190688   0.43820746  0.79520788]
 [ 0.76367856 -0.64383497 -0.04766121]]"
