Simulation,a,b,c,b/a,c/a,c/b,ellipticity,triaxiality,Iterations,Initial Particles,Remaining Particles,Max Radius,r_50,mass,Center of Mass,Rotation Matrix
object_321,15.927031510297265,2.6884014573522133,2.026617251857669,0.16879488532524642,0.12724387784047547,0.7538372836078095,0.8727561221595246,0.9874968526210943,24,26017,23258,92.09921463681684,7.445759402930675,1101208292.1904006,[2.44382453 6.86173763 7.1546778 ],"[[ 0.12799033  0.76837986 -0.62706528]
 [ 0.91858552 -0.33022274 -0.21714875]
 [ 0.37392394  0.54822015  0.74808793]]"
