Simulation,a,b,c,b/a,c/a,c/b,ellipticity,triaxiality,Iterations,Initial Particles,Remaining Particles,Max Radius,r_50,mass,Age Range,Snapshot,Redshift,Center of Mass,Rotation Matrix
m12r_res7100,0.3721531476768831,0.26153452488471535,0.23407160434228205,0.70276048051,0.6289658056191197,0.8949931350190229,0.37103419438088026,0.8374024145672399,28,872876,782127,8.226281799733998,2.7765617692392914,4245483226.56402,"[7.491924967476178, 13.572558682677354]",294,0.89728099,[-0.04861108  0.03712447 -0.0054433 ],"[[ 0.05585173  0.79622645  0.60241515]
 [-0.46127501  0.55568375 -0.69169425]
 [-0.88549757 -0.23924673  0.39831526]]"
