Simulation,a,b,c,b/a,c/a,c/b,ellipticity,triaxiality,Iterations,Initial Particles,Remaining Particles,Max Radius,r_50,mass,Age Range,Snapshot,Redshift,Center of Mass,Rotation Matrix
m12r_res7100,0.42152980728273154,0.3411771518884141,0.3003631177990147,0.8093784733461975,0.7125548718255954,0.8803728975885581,0.2874451281744046,0.700651271726067,30,571545,513199,5.966082340737645,2.4423502307591196,2774827309.875066,"[9.517975562989466, 13.569890531930007]",214,1.5,[-0.06569114  0.00399197 -0.10308855],"[[ 0.51445556  0.30973307  0.79962548]
 [-0.8036275   0.49949715  0.32355128]
 [-0.29919612 -0.80905378  0.50587909]]"
