Simulation,a,b,c,b/a,c/a,c/b,ellipticity,triaxiality,Iterations,Initial Particles,Remaining Particles,Max Radius,r_50,mass,Age Range,Snapshot,Redshift,Center of Mass,Rotation Matrix
m12r_res7100,0.5180399687628107,0.4222830564039757,0.29150423493926353,0.8151553584030923,0.5627060700266766,0.6903053071122914,0.4372939299733234,0.4909869164459973,30,104059,92997,2.627761061515226,1.8542734627137738,529343385.3507047,"[12.037394698443883, 13.569890531930007]",102,3.50704241,[-0.05507866 -0.35214061 -0.15535028],"[[-0.16244519 -0.50172906  0.84963493]
 [-0.9059027  -0.26545497 -0.32996055]
 [-0.39109061  0.82328708  0.41139583]]"
