Simulation,a,b,c,b/a,c/a,c/b,ellipticity,triaxiality,Iterations,Initial Particles,Remaining Particles,Max Radius,r_50,mass,Age Range,Snapshot,Redshift,Center of Mass,Rotation Matrix
m12r_res7100,0.7831801780712963,0.7293723796586354,0.32005249459951474,0.9312957606445417,0.40865755232428647,0.4388053393923517,0.5913424476757135,0.15928975355369346,24,3493678,3126982,18.255493665360188,5.884230247805205,17730697148.274822,"[0.022993700389977587, 13.577152747547464]",590,0.0015949,[ 0.16413306  0.24831555 -0.12775225],"[[ 0.23794642 -0.14943098  0.95971448]
 [ 0.8931516   0.42192762 -0.15574754]
 [-0.38165654  0.8942301   0.23386068]]"
