Simulation,a,b,c,b/a,c/a,c/b,ellipticity,triaxiality,Iterations,Initial Particles,Remaining Particles,Max Radius,r_50,mass,Age Range,Snapshot,Redshift,Center of Mass,Rotation Matrix
m12r_res7100,0.30961432885810586,0.21907758827713844,0.19773788973310727,0.7075822010083397,0.6386587160303204,0.9025929639273008,0.36134128396967957,0.8432946156429809,30,1011745,904991,8.198415597250248,2.2608748551778737,4965672113.048837,"[6.496582138962471, 13.577152747547464]",332,0.70189703,[0.03640938 0.02485829 0.11685388],"[[ 0.00138368  0.90410972  0.42729815]
 [-0.406358    0.39093693 -0.82585804]
 [-0.9137129  -0.1724933   0.36793314]]"
