Simulation,a,b,c,b/a,c/a,c/b,ellipticity,triaxiality,Iterations,Initial Particles,Remaining Particles,Max Radius,r_50,mass,Age Range,Snapshot,Redshift,Center of Mass,Rotation Matrix
m12r_res7100,0.5916356629747584,0.4025495841814262,0.32359642302896835,0.6804011478236406,0.5469521925063099,0.8038672395774373,0.4530478074936901,0.7662972289530772,30,158687,142373,3.431011953986465,2.1595125825071615,786813157.140517,"[11.647413549269988, 13.569794672453293]",120,3.0,[0.0776712  0.01479643 0.29067114],"[[ 0.1993099   0.40086298 -0.89419485]
 [ 0.46587345  0.76402539  0.44634867]
 [ 0.86211223 -0.50554335 -0.0344736 ]]"
