Simulation,a,b,c,b/a,c/a,c/b,ellipticity,triaxiality,Iterations,Initial Particles,Remaining Particles,Max Radius,r_50,mass,Age Range,Snapshot,Redshift,Center of Mass,Rotation Matrix
m12r_res7100,0.6482132511042575,0.34277920329779976,0.22000729007506656,0.528806226521691,0.33940572751370823,0.6418338334368804,0.6605942724862918,0.8141511301879352,30,14751,13186,1.5505845360132868,1.5350861360550743,74986639.86429137,"[12.642271790734824, 13.529818555032312]",067,5.0,[-0.02037817  0.24127458 -0.20697338],"[[ 0.48201574  0.68071634  0.55162132]
 [ 0.68553401  0.09905722 -0.72127026]
 [-0.54562252  0.7258188  -0.41890707]]"
