Simulation,a,b,c,b/a,c/a,c/b,ellipticity,triaxiality,Iterations,Initial Particles,Remaining Particles,Max Radius,r_50,mass,Age Range,Snapshot,Redshift,Center of Mass,Rotation Matrix
m12r_res7100,0.2753634024146178,0.25576114432882996,0.1826963856858088,0.9288131323411216,0.6634737371915559,0.7143242425085399,0.3365262628084441,0.24527604047690388,11,1151440,1030226,7.489328731394946,2.1111515911129306,5637942928.909967,"[5.1833375564057675, 13.573126343534499]",382,0.49880669,[-0.07958573 -0.06748414 -0.08255661],"[[ 0.47029344  0.7970152  -0.37893384]
 [ 0.51937953  0.09718011  0.84899996]
 [ 0.7134907  -0.59608959 -0.36825022]]"
