Simulation,a,b,c,b/a,c/a,c/b,ellipticity,triaxiality,Iterations,Initial Particles,Remaining Particles,Max Radius,r_50,mass,Age Range,Snapshot,Redshift,Center of Mass,Rotation Matrix
m12r_res7100,0.19105196323801676,0.1797008760583794,0.1374497116482678,0.9405863881885582,0.7194362691632219,0.764880587469226,0.2805637308367781,0.23900188366591557,17,1757,1564,0.759120481243845,0.4937381452730921,8879863.350878568,"[13.053643397923564, 13.529818555032312]",041,7.0,[-0.03792984  0.11492034  0.0048848 ],"[[-0.02240319  0.54476345  0.83829045]
 [ 0.77358035  0.54060354 -0.33063765]
 [-0.63330209  0.64107768 -0.43352955]]"
