Simulation,a,b,c,b/a,c/a,c/b,ellipticity,triaxiality,Iterations,Initial Particles,Remaining Particles,Max Radius,r_50,mass,Age Range,Snapshot,Redshift,Center of Mass,Rotation Matrix
m12f_res7100,0.45854060538465596,0.4352827395793012,0.28251151984006634,0.9492785032945023,0.6161101471113467,0.6490299158498967,0.3838898528886533,0.1593633181796655,12,4657441,4171264,8.07509848580561,2.726987612514366,23596148628.65889,"[7.933130569933601, 13.633386940970984]",277,1.0,[-0.09551044 -0.1077008  -0.03554626],"[[ 0.11966018 -0.39819525  0.90946247]
 [-0.57390272 -0.77523206 -0.2639146 ]
 [-0.810134    0.49036292  0.32128975]]"
