Simulation,a,b,c,b/a,c/a,c/b,ellipticity,triaxiality,Iterations,Initial Particles,Remaining Particles,Max Radius,r_50,mass,Age Range,Snapshot,Redshift,Center of Mass,Rotation Matrix
m12f_res7100,0.5802417907448181,0.4773294068473076,0.2638176101788645,0.8226387937942067,0.4546684061487872,0.5526950705202557,0.5453315938512129,0.4075065348721037,30,10775511,9674349,17.33859726667818,3.775699450091918,58101637603.78763,"[3.526425235887256, 13.633386940970984]",446,0.30020699,[ 0.16210773 -0.10509162 -0.00065321],"[[-0.78404084  0.27427533 -0.55682403]
 [ 0.1384746  -0.79717936 -0.58764773]
 [ 0.6050659   0.53784581 -0.58704101]]"
