Simulation,a,b,c,b/a,c/a,c/b,ellipticity,triaxiality,Iterations,Initial Particles,Remaining Particles,Max Radius,r_50,mass,Age Range,Snapshot,Redshift,Center of Mass,Rotation Matrix
m12f_res7100,0.1700956372709089,0.11287913532375199,0.09430041730013772,0.6636215786297387,0.5543964490397058,0.8354105214366845,0.44560355096029425,0.8079272093123245,30,3111,2763,1.3943334158451908,0.5290305528228649,15389084.091551576,"[12.650480148330658, 13.582197385114148]",067,5.0,[ 0.00660504 -0.0265312   0.02569652],"[[ 0.28409555  0.35379652 -0.89113284]
 [ 0.79184318 -0.61064251  0.01000517]
 [ 0.5406238   0.70847989  0.45363218]]"
