Simulation,a,b,c,b/a,c/a,c/b,ellipticity,triaxiality,Iterations,Initial Particles,Remaining Particles,Max Radius,r_50,mass,Age Range,Snapshot,Redshift,Center of Mass,Rotation Matrix
m12f_res7100,1.3409464220372522,0.8004530604552612,0.6042677339339753,0.5969314264168447,0.45062779839923267,0.7549071441994304,0.5493722016007674,0.8076859536599347,25,1366018,1227810,7.556914252506918,4.233425048456841,6880615939.134287,"[10.51184212363612, 13.633386940970984]",172,2.0,[-0.16679715 -0.20454195  0.00470638],"[[-0.64622691 -0.27903356 -0.71030349]
 [-0.73812903 -0.0078199   0.67461425]
 [-0.19379452  0.96024951 -0.20090934]]"
