Simulation,a,b,c,b/a,c/a,c/b,ellipticity,triaxiality,Iterations,Initial Particles,Remaining Particles,Max Radius,r_50,mass,Age Range,Snapshot,Redshift,Center of Mass,Rotation Matrix
m12f_res7100,0.6952680810665703,0.580676077487866,0.41340054615508925,0.8351829938706298,0.5945915790077915,0.7119297008816896,0.40540842099220853,0.4678850463980879,30,2481448,2227000,7.991970803016183,3.1295924102241606,12302558116.097881,"[9.517975562989466, 13.633386940970984]",214,1.5,[-0.06836592  0.07958219 -0.12578962],"[[ 0.40544939 -0.05418975  0.91250987]
 [ 0.91162309  0.09766456 -0.39925553]
 [ 0.06748432 -0.99374298 -0.08899866]]"
