Simulation,a,b,c,b/a,c/a,c/b,ellipticity,triaxiality,Iterations,Initial Particles,Remaining Particles,Max Radius,r_50,mass,Age Range,Snapshot,Redshift,Center of Mass,Rotation Matrix
m12f_res7100,0.8892835046816054,0.8414678239021036,0.25526787892650527,0.9462312293798573,0.28704893049590535,0.30336023752252606,0.7129510695040946,0.11404329610842999,19,15158881,13520353,20.132206757788207,5.254237597710596,84260754555.12375,"[5.1598905386653974e-06, 13.6336628885831]",600,0.0,[ 0.1216566  -0.08643006  0.23334831],"[[ 5.60552586e-01  6.29264818e-01  5.38336872e-01]
 [-3.58486962e-01 -4.01614111e-01  8.42729615e-01]
 [ 7.46503782e-01 -6.65381014e-01  4.57404616e-04]]"
