Simulation,a,b,c,b/a,c/a,c/b,ellipticity,triaxiality,Iterations,Initial Particles,Remaining Particles,Max Radius,r_50,mass,Age Range,Snapshot,Redshift,Center of Mass,Rotation Matrix
m12_elvis_RomeoJuliet_res3500,0.5489868073422598,0.5010103446580237,0.2263541355870976,0.9126090790478218,0.4123125229236695,0.4517953331714156,0.5876874770763305,0.2013795113029939,9,13107614,11761682,10.403701372582802,3.590294816438857,34179471354.165543,"[7.933126700261339, 13.631442192667546]",277,1.0,[ 0.02935463  0.22197795 -0.16530803],"[[ 0.21988021  0.37805943  0.8992907 ]
 [ 0.87787708  0.32533166 -0.35141307]
 [-0.42542276  0.86673547 -0.26035572]]"
