Simulation,a,b,c,b/a,c/a,c/b,ellipticity,triaxiality,Iterations,Initial Particles,Remaining Particles,Max Radius,r_50,mass,Age Range,Snapshot,Redshift,Center of Mass,Rotation Matrix
m12_elvis_RomeoJuliet_res3500,0.3963738656019347,0.39162609989424996,0.2207072991490639,0.9880220011466326,0.5568159717439923,0.5635663690664668,0.44318402825600767,0.03451310831556942,14,12182410,10863152,9.08964456916498,2.292846363697788,32344493356.85092,"[2.5172186045494174, 13.635445238012979]",486,0.20076481,[0.05563686 0.01078182 0.05241887],"[[-0.6579254  -0.42624012  0.62084903]
 [-0.23599214  0.8995781   0.36751456]
 [-0.71515164  0.09528167 -0.6924446 ]]"
