Simulation,a,b,c,b/a,c/a,c/b,ellipticity,triaxiality,Iterations,Initial Particles,Remaining Particles,Max Radius,r_50,mass,Age Range,Snapshot,Redshift,Center of Mass,Rotation Matrix
m12_elvis_RomeoJuliet_res3500,0.22366901936347436,0.11641835438927767,0.07740202790649464,0.5204938740313046,0.346056097204558,0.6648610376992539,0.653943902795442,0.8282761958367777,30,8140,7279,0.9644337864724165,0.8309235523226955,20303567.34503952,"[13.033842326832023, 13.635445238012979]",041,7.0,[-0.04015954 -0.01103596  0.04230669],"[[-0.80184944 -0.18012732  0.56972943]
 [-0.13806478  0.98353092  0.11664066]
 [ 0.58135669 -0.01486868  0.81351295]]"
