Simulation,a,b,c,b/a,c/a,c/b,ellipticity,triaxiality,Iterations,Initial Particles,Remaining Particles,Max Radius,r_50,mass,Age Range,Snapshot,Redshift,Center of Mass,Rotation Matrix
m12_elvis_RomeoJuliet_res3500,0.3220902929202284,0.313066566307532,0.20891849876777388,0.9719838603924295,0.6486333284794659,0.6673293198691449,0.35136667152053414,0.09537334377752557,20,9672838,8607883,8.185517664737064,2.1957194121275716,25105608449.712223,"[5.18330522302438, 13.635445238012979]",382,0.49880669,[ 0.05497326 -0.03515545 -0.05807954],"[[ 0.439685   -0.8772575   0.19260418]
 [ 0.76247271  0.25124683 -0.59624693]
 [ 0.4746709   0.40901626  0.77935437]]"
