Simulation,a,b,c,b/a,c/a,c/b,ellipticity,triaxiality,Iterations,Initial Particles,Remaining Particles,Max Radius,r_50,mass,Age Range,Snapshot,Redshift,Center of Mass,Rotation Matrix
m12_elvis_RomeoJuliet_res3500,0.5837099032217182,0.5083797149275966,0.3436685668103029,0.8709458450536036,0.5887660375701433,0.6760076311448582,0.41123396242985666,0.3695594281446808,9,1652658,1486539,6.38873980848589,2.958463879537193,4060896508.5051894,"[10.5118429822782, 13.635445238012979]",172,2.0,[-0.01882577  0.04299613 -0.02695901],"[[-0.65122283 -0.72582662 -0.22155031]
 [-0.72612662  0.51111483  0.45989321]
 [ 0.22056509 -0.46036654  0.85989168]]"
