Simulation,a,b,c,b/a,c/a,c/b,ellipticity,triaxiality,Iterations,Initial Particles,Remaining Particles,Max Radius,r_50,mass,Age Range,Snapshot,Redshift,Center of Mass,Rotation Matrix
m12_elvis_RomeoJuliet_res3500,0.15727323023509676,0.1234621742621334,0.09411251537827392,0.7850170946293812,0.5984013632681906,0.7622781304535862,0.4015986367318094,0.5978169661734526,30,48541,43480,1.919891421831675,0.9833710316269544,121878226.69548276,"[12.641565247815985, 13.6010790997984]",067,5.0,[ 0.01076304  0.03359162 -0.07267729],"[[ 0.69196106 -0.48271761 -0.53681803]
 [-0.47531827  0.25505066 -0.84203426]
 [-0.54338056 -0.83781434  0.05295937]]"
