Simulation,a,b,c,b/a,c/a,c/b,ellipticity,triaxiality,Iterations,Initial Particles,Remaining Particles,Max Radius,r_50,mass,Age Range,Snapshot,Redshift,Center of Mass,Rotation Matrix
m12_elvis_RomeoJuliet_res3500,0.18302420655459423,0.09994783540409682,0.08613927190426258,0.5460908001493421,0.47064414880317007,0.8618422955934448,0.5293558511968299,0.9014645728674442,30,3839,3378,0.6783725799086195,0.4457704607576087,9604667.790090855,"[13.263803168751672, 13.634419350377675]",029,8.54545403,[ 0.07495799 -0.01827555 -0.03425158],"[[-0.86514507  0.38664617 -0.31941939]
 [ 0.46812424  0.85109546 -0.23768931]
 [ 0.17995473 -0.3551637  -0.91731949]]"
