Simulation,a,b,c,b/a,c/a,c/b,ellipticity,triaxiality,Iterations,Initial Particles,Remaining Particles,Max Radius,r_50,mass,Age Range,Snapshot,Redshift,Center of Mass,Rotation Matrix
m12_elvis_RomeoJuliet_res3500,0.10167365514960713,0.06466825258744767,0.047452733240280834,0.6360374523006174,0.46671611412471375,0.7337871574017383,0.5332838858752862,0.7612817407876572,19,28338,25412,1.637949990688236,0.8994257789676263,71929598.14888662,"[12.815502658351045, 13.6010790997984]",059,5.49484539,[ 0.06974156 -0.00305444  0.01854587],"[[ 0.43206393 -0.63855673 -0.63684069]
 [-0.58204106  0.34195629 -0.7377629 ]
 [-0.68887514 -0.68942817  0.22391926]]"
