Simulation,a,b,c,b/a,c/a,c/b,ellipticity,triaxiality,Iterations,Initial Particles,Remaining Particles,Max Radius,r_50,mass,Age Range,Snapshot,Redshift,Center of Mass,Rotation Matrix
m12_elvis_RomeoJuliet_res3500,0.5451251183467192,0.5205761704336699,0.226918801847704,0.9549663974621047,0.4162692090504174,0.4358993260461146,0.5837307909495826,0.10649214427108394,17,14654800,13075501,14.362479356515953,3.0611722425762253,39450005320.8429,"[0.022988536086971437, 13.635445238012979]",590,0.0015949,[ 0.17099321 -0.07668141  0.15871953],"[[ 0.69126113 -0.03211594 -0.721891  ]
 [ 0.06752171  0.9975117   0.02027882]
 [ 0.71944344 -0.06276127  0.69170959]]"
