Simulation,a,b,c,b/a,c/a,c/b,ellipticity,triaxiality,Iterations,Initial Particles,Remaining Particles,Max Radius,r_50,mass,Age Range,Snapshot,Redshift,Center of Mass,Rotation Matrix
m12_elvis_RomeoJuliet_res3500,0.4380360504018037,0.4315097190913055,0.2200417107534833,0.9851009265002008,0.5023369892766644,0.5099345414904165,0.49766301072333563,0.039558437736523275,15,13064930,11669454,10.74015698762717,2.5096517852755347,34993996907.41377,"[1.3410897694923178, 13.635445238012979]",534,0.0998249,[-0.07594871 -0.06121399 -0.07209843],"[[ 0.64093964  0.50583939 -0.57734123]
 [ 0.58687098 -0.80772939 -0.05617555]
 [ 0.49475128  0.30281967  0.81456824]]"
