Simulation,a,b,c,b/a,c/a,c/b,ellipticity,triaxiality,Iterations,Initial Particles,Remaining Particles,Max Radius,r_50,mass,Age Range,Snapshot,Redshift,Center of Mass,Rotation Matrix
m12_elvis_RomeoJuliet_res3500,0.35899456569199023,0.3574938765953704,0.22007377287297591,0.99581974425232,0.6130281455619431,0.6156015173430971,0.38697185443805693,0.013366042671118312,17,11584952,10323676,8.44289172921881,2.166677145277683,30505868992.842407,"[3.526424280507145, 13.635445238012979]",446,0.30020699,[-0.00851716 -0.01490059  0.01454231],"[[-0.43405564  0.21261886 -0.87543642]
 [ 0.86268437  0.37807498 -0.3359092 ]
 [-0.25955998  0.9010286   0.34752854]]"
