Simulation,a,b,c,b/a,c/a,c/b,ellipticity,triaxiality,Iterations,Initial Particles,Remaining Particles,Max Radius,r_50,mass,Age Range,Snapshot,Redshift,Center of Mass,Rotation Matrix
m12w_res7100,0.31169686064916796,0.23543523554246748,0.17315811277162874,0.7553339967946063,0.5555337080103856,0.7354808738490408,0.4444662919896144,0.6211766684558281,30,5923,5255,1.476664681961015,0.9141850540302568,30678655.926241092,"[12.622716539636519, 13.54852738989545]",067,5.0,[-0.08729626 -0.19231297  0.21739435],"[[ 0.79873168  0.60011549  0.04346383]
 [ 0.33701609 -0.38637373 -0.85856595]
 [-0.49844544  0.70041184 -0.51085752]]"
