Simulation,a,b,c,b/a,c/a,c/b,ellipticity,triaxiality,Iterations,Initial Particles,Remaining Particles,Max Radius,r_50,mass,Age Range,Snapshot,Redshift,Center of Mass,Rotation Matrix
m12w_res7100,0.6724029414785435,0.6093837229340189,0.26023018842936824,0.906277598360959,0.3870152439505237,0.4270382989168628,0.6129847560494763,0.2101351210481738,13,10380516,9200927,13.074253609554429,3.9471029515304434,57550484484.47741,"[7.73983617963095e-06, 13.640676308158456]",600,0.0,[-0.15145007 -0.04777173  0.15736955],"[[-0.65584964  0.33520856  0.67638486]
 [ 0.11409345  0.92972593 -0.35013195]
 [ 0.74621977  0.15246283  0.64800551]]"
