Simulation,a,b,c,b/a,c/a,c/b,ellipticity,triaxiality,Iterations,Initial Particles,Remaining Particles,Max Radius,r_50,mass,Age Range,Snapshot,Redshift,Center of Mass,Rotation Matrix
m12w_res7100,1.1078493256088093,0.6504809972691635,0.4794597886690086,0.5871565584170908,0.4327842943854531,0.7370850042996909,0.5672157056145468,0.806261826432745,30,36950,33088,3.397058419188035,2.912087431429892,182082121.17464063,"[11.647525537244375, 13.640676308158456]",120,3.0,[-0.20765505 -0.25193473  0.15361818],"[[-0.60976095  0.57513154  0.54535795]
 [-0.78833107 -0.36889538 -0.49239245]
 [-0.0820104  -0.7301643   0.67833206]]"
