Simulation,a,b,c,b/a,c/a,c/b,ellipticity,triaxiality,Iterations,Initial Particles,Remaining Particles,Max Radius,r_50,mass,Age Range,Snapshot,Redshift,Center of Mass,Rotation Matrix
m12w_res7100,0.35665614773588034,0.3156792862970496,0.18547752248623445,0.8851082150161732,0.5200457742385216,0.587550499945387,0.4799542257614784,0.29687168444520157,30,3176,2831,1.1447271401862158,0.9626500864502224,16553025.111968908,"[12.754142237708066, 13.548212586123265]",059,5.49484539,[-0.03739604 -0.00066207  0.0784113 ],"[[-0.6168326  -0.781003    0.09773361]
 [-0.78485264  0.61968054 -0.00153817]
 [ 0.0593623   0.07765527  0.99521142]]"
