Simulation,a,b,c,b/a,c/a,c/b,ellipticity,triaxiality,Iterations,Initial Particles,Remaining Particles,Max Radius,r_50,mass,Age Range,Snapshot,Redshift,Center of Mass,Rotation Matrix
m12w_res7100,1.1760572683354589,1.0069304555747822,0.5008115383692516,0.8561916861412272,0.42583941433232997,0.49736457527583205,0.57416058566767,0.326063980099596,30,5586943,4993833,14.661360865652151,5.604303899120857,29611391706.23744,"[4.401443126819294, 13.640676308158456]",412,0.3986637,[ 0.53193896  0.08914295 -0.43539991],"[[-0.86643305 -0.11852877  0.48502031]
 [-0.26517833  0.93232414 -0.24587019]
 [ 0.42305346  0.34164693  0.83922771]]"
