Simulation,a,b,c,b/a,c/a,c/b,ellipticity,triaxiality,Iterations,Initial Particles,Remaining Particles,Max Radius,r_50,mass,Age Range,Snapshot,Redshift,Center of Mass,Rotation Matrix
m12w_res7100,0.4602375583625985,0.26129756722475217,0.23599570812557197,0.5677449883803023,0.5127693380027072,0.9031684092281766,0.4872306619972928,0.9194076942856837,21,5593,5001,1.949411370465772,1.299990544624184,27454452.934538197,"[12.256404077464138, 13.640676308158456]",088,4.0,[ 0.03917142  0.00981258 -0.02331946],"[[ 0.92961909 -0.36264949  0.06552632]
 [ 0.08610054  0.04084552 -0.99544881]
 [ 0.35832255  0.93103007  0.06919509]]"
