Simulation,a,b,c,b/a,c/a,c/b,ellipticity,triaxiality,Iterations,Initial Particles,Remaining Particles,Max Radius,r_50,mass,Age Range,Snapshot,Redshift,Center of Mass,Rotation Matrix
m12w_res7100,0.6477298256641421,0.5694082350840532,0.24447318317722005,0.8790829332279354,0.37743079520315803,0.42934606160223887,0.622569204796842,0.26495744587064335,30,10365669,9187365,13.297932657835013,4.0206604752968875,57485278745.03195,"[0.0229850932188508, 13.640676308158456]",590,0.0015949,[-0.2236536  -0.07972249  0.17378542],"[[ 0.71931914 -0.23797317  0.65264749]
 [ 0.56350782  0.74930261 -0.34785707]
 [-0.40624981  0.61799221  0.67308745]]"
