Simulation,a,b,c,b/a,c/a,c/b,ellipticity,triaxiality,Iterations,Initial Particles,Remaining Particles,Max Radius,r_50,mass,Age Range,Snapshot,Redshift,Center of Mass,Rotation Matrix
m12w_res7100,0.6787157961766758,0.6387616552053819,0.32229507675850955,0.9411327374486309,0.4748601381816274,0.5045623420442819,0.5251398618183726,0.1475377823807395,22,6669883,5954372,14.028219611310137,5.038662063269956,35252003321.278076,"[3.526426191267385, 13.640676308158456]",446,0.30020699,[-0.11248523 -0.09767919 -0.04319951],"[[ 0.23148475 -0.73732947 -0.63463381]
 [-0.7773697  -0.53241019  0.33501602]
 [-0.58490269  0.41579399 -0.69642243]]"
