Simulation,a,b,c,b/a,c/a,c/b,ellipticity,triaxiality,Iterations,Initial Particles,Remaining Particles,Max Radius,r_50,mass,Age Range,Snapshot,Redshift,Center of Mass,Rotation Matrix
m12w_res7100,1.1256239822497736,0.9990694480154625,0.7274861951366293,0.8875694403904155,0.646295927066701,0.72816378939592,0.353704072933299,0.36445116709508096,30,1813334,1625074,10.027407429092458,4.321084718900384,9141554451.373432,"[7.491910340046114, 13.640676308158456]",294,0.89728099,[ 0.2295426  -0.02055119 -0.25957772],"[[-0.56095876 -0.36768576  0.74170914]
 [-0.15684502 -0.83252127 -0.53132661]
 [ 0.81284987 -0.41438571  0.40934042]]"
