Simulation,a,b,c,b/a,c/a,c/b,ellipticity,triaxiality,Iterations,Initial Particles,Remaining Particles,Max Radius,r_50,mass,Age Range,Snapshot,Redshift,Center of Mass,Rotation Matrix
m12w_res7100,1.0225801711769238,0.919608821555944,0.5313383325270159,0.8993024189952106,0.5196055502577169,0.5777873374768319,0.48039444974228307,0.26198975396098906,23,2543134,2280330,12.328934474453169,4.900217821923973,12970780278.215992,"[6.496565413179787, 13.640676308158456]",332,0.70189703,[-0.19315706  0.25202528  0.27615423],"[[ 0.18906224  0.70470539 -0.68384632]
 [-0.78659035  0.52556377  0.32412704]
 [-0.58781892 -0.47662673 -0.65367872]]"
