Simulation,a,b,c,b/a,c/a,c/b,ellipticity,triaxiality,Iterations,Initial Particles,Remaining Particles,Max Radius,r_50,mass,Age Range,Snapshot,Redshift,Center of Mass,Rotation Matrix
m12z_res4200,2.6359729666156477,1.3528655821849433,1.0757117910096519,0.5132319638019281,0.40808908309510056,0.7951357512342987,0.5919109169048995,0.8837737079766707,30,2891880,2592272,17.913174489794066,7.857184689323838,8368321681.048488,"[4.401445067947562, 13.563025388871008]",412,0.3986637,[0.65292268 0.14874656 0.14648196],"[[-0.98073516  0.02291626  0.19399328]
 [-0.17399744 -0.55387256 -0.81421746]
 [-0.08878873  0.83228603 -0.54718967]]"
