Simulation,a,b,c,b/a,c/a,c/b,ellipticity,triaxiality,Iterations,Initial Particles,Remaining Particles,Max Radius,r_50,mass,Age Range,Snapshot,Redshift,Center of Mass,Rotation Matrix
m12z_res4200,0.3274048578647606,0.1654220697407689,0.16128986039335103,0.5052523374869988,0.49263123780519524,0.9750202052610428,0.5073687621948048,0.983369671806147,25,7468,6701,1.9400802632953205,1.067604616063567,21669902.162812043,"[12.254928372972358, 13.563025388871008]",088,4.0,[-0.03402074 -0.10614184  0.01701442],"[[ 0.43701804  0.36580008 -0.82170891]
 [-0.28306546  0.92307932  0.26038147]
 [-0.85375007 -0.11880602 -0.50694768]]"
