Simulation,a,b,c,b/a,c/a,c/b,ellipticity,triaxiality,Iterations,Initial Particles,Remaining Particles,Max Radius,r_50,mass,Age Range,Snapshot,Redshift,Center of Mass,Rotation Matrix
m12z_res4200,0.8827920910650309,0.42730213501316894,0.37812411911059335,0.4840348473190974,0.42832748836072077,0.8849104371990559,0.5716725116392792,0.9377549509725598,11,94767,85143,5.017144921611996,3.26417629336811,266586410.86238283,"[10.513637844136007, 13.563025388871008]",172,2.0,[ 0.24136458  0.0919575  -0.19065468],"[[-0.6965556  -0.11256748  0.70861757]
 [ 0.34504776  0.81336395  0.46838139]
 [ 0.6290885  -0.57076058  0.52771206]]"
