Simulation,a,b,c,b/a,c/a,c/b,ellipticity,triaxiality,Iterations,Initial Particles,Remaining Particles,Max Radius,r_50,mass,Age Range,Snapshot,Redshift,Center of Mass,Rotation Matrix
m12z_res4200,0.44090598116658175,0.2105615366590744,0.1661025293829683,0.47756561637461814,0.37673004331554294,0.7888550398067676,0.6232699566844571,0.8996084897402392,30,20094,17919,2.6976507432047487,1.5602794238569604,58447941.80668888,"[11.99687739787005, 13.563025388871008]",102,3.50704241,[ 0.02439379 -0.25887347 -0.21322795],"[[-0.15097415  0.87642363 -0.45726189]
 [ 0.51724806  0.46422585  0.71899152]
 [ 0.84241394 -0.12796869 -0.52341452]]"
