Simulation,a,b,c,b/a,c/a,c/b,ellipticity,triaxiality,Iterations,Initial Particles,Remaining Particles,Max Radius,r_50,mass,Age Range,Snapshot,Redshift,Center of Mass,Rotation Matrix
m12z_res4200,1.274651858427407,1.0575486861619687,0.6546064634293706,0.8296764949346344,0.5135570619549301,0.6189847067987511,0.4864429380450699,0.4232706870174873,30,734110,659426,9.769180192350607,4.5015482663588955,2101896083.861118,"[7.933126700261339, 13.563025388871008]",277,1.0,[-0.1111405   0.06829661  0.69079006],"[[-0.05267344 -0.11477259  0.99199434]
 [ 0.97203393 -0.23354929  0.0245922 ]
 [-0.22885707 -0.9655475  -0.12386469]]"
