Simulation,a,b,c,b/a,c/a,c/b,ellipticity,triaxiality,Iterations,Initial Particles,Remaining Particles,Max Radius,r_50,mass,Age Range,Snapshot,Redshift,Center of Mass,Rotation Matrix
m12z_res4200,2.07238280539075,1.1950147066859635,0.9533088346054558,0.5766380147419928,0.46000614950369095,0.7977381611053048,0.5399938504963091,0.8466430617786568,30,2333126,2093645,15.736272476228297,7.317673036478198,6720715730.48229,"[5.183307182622983, 13.563025388871008]",382,0.49880669,[ 0.52887965 -0.0388238   0.37158923],"[[-0.89659373  0.43332361  0.09138016]
 [ 0.15336573  0.49739426 -0.85386059]
 [-0.41544992 -0.75155146 -0.51241756]]"
