Simulation,a,b,c,b/a,c/a,c/b,ellipticity,triaxiality,Iterations,Initial Particles,Remaining Particles,Max Radius,r_50,mass,Age Range,Snapshot,Redshift,Center of Mass,Rotation Matrix
m12z_res4200,1.4970280215388259,1.2537667424720995,0.8018509478516563,0.8375038572646937,0.5356285495761244,0.6395535315210359,0.4643714504238756,0.4187160676181218,30,6860135,6126845,15.723863890056167,6.183148499949796,20627849296.480267,"[8.599818115009393e-06, 13.563025388871008]",600,0.0,[-0.41073121 -0.48388344 -0.11474616],"[[ 0.75063674 -0.07059582  0.65693281]
 [ 0.07599585 -0.97845143 -0.19198288]
 [ 0.65633003  0.19403357 -0.72909661]]"
