Simulation,a,b,c,b/a,c/a,c/b,ellipticity,triaxiality,Iterations,Initial Particles,Remaining Particles,Max Radius,r_50,mass,Age Range,Snapshot,Redshift,Center of Mass,Rotation Matrix
m12z_res4200,1.781889107458735,1.1560664665006428,0.9013146138492085,0.6487869877320157,0.5058197000455491,0.7796390951269819,0.4941802999544509,0.7781740533725049,23,4404186,3944190,15.988547557181041,6.52414449181451,12957910464.40433,"[2.517211142769104, 13.563025388871008]",486,0.20076481,[-0.14116819 -0.08326911  0.05854542],"[[-0.8912387   0.2831268  -0.35430607]
 [-0.45215865 -0.61548843  0.64554361]
 [-0.03530059  0.735536    0.67656534]]"
