Simulation,a,b,c,b/a,c/a,c/b,ellipticity,triaxiality,Iterations,Initial Particles,Remaining Particles,Max Radius,r_50,mass,Age Range,Snapshot,Redshift,Center of Mass,Rotation Matrix
m12z_res4200,0.14376162535107992,0.08640971931313078,0.06496704394333648,0.6010624817444141,0.45190810680305415,0.7518488019606855,0.5480918931969458,0.8026397309659896,30,1297,1141,0.5778917060783122,0.4134379349108762,3866979.4239604603,"[13.033861219340649, 13.563025388871008]",041,7.0,[-0.05250637  0.03038625  0.07292789],"[[-0.21421938 -0.45278713 -0.86550209]
 [ 0.27913973  0.82074235 -0.49846063]
 [ 0.93605078 -0.34837594 -0.04942804]]"
