Simulation,a,b,c,b/a,c/a,c/b,ellipticity,triaxiality,Iterations,Initial Particles,Remaining Particles,Max Radius,r_50,mass,Age Range,Snapshot,Redshift,Center of Mass,Rotation Matrix
m12f_res7100,3.9761072345853075,2.3870653581209607,0.12069074074681,0.6003523590504778,0.03035399540963275,0.05056030005052513,0.9696460045903672,0.6401668723567715,30,94611,83304,34.16247739441637,16.627613282346104,736184309.6150507,"[5.1598905386653974e-06, 0.09998958495346591]",600,0.0,[ 1.35248802 -0.8615423   3.5129361 ],"[[-0.31674753  0.79753847  0.51342321]
 [ 0.19522205 -0.47488903  0.85811931]
 [-0.92820222 -0.3720387   0.00527717]]"
