Simulation,a,b,c,b/a,c/a,c/b,ellipticity,triaxiality,Iterations,Initial Particles,Remaining Particles,Max Radius,r_50,mass,Age Range,Snapshot,Redshift,Center of Mass,Rotation Matrix
m12f_res7100,2.146671474505756,0.6145748327637861,0.48977210615595285,0.2862919827568325,0.2281541968450094,0.7969283479335029,0.7718458031549906,0.9684488647005695,30,70466,63136,8.914341957189569,6.613884021642249,411370041.63050294,"[2.2337568044150657e-05, 0.0999972459015126]",214,1.5,[ 0.23078458  1.31961497 -0.47466455],"[[-0.20682907 -0.90072423  0.38199161]
 [-0.92214964  0.30992269  0.23149076]
 [ 0.32689721  0.30437441  0.89470355]]"
