Simulation,a,b,c,b/a,c/a,c/b,ellipticity,triaxiality,Iterations,Initial Particles,Remaining Particles,Max Radius,r_50,mass,Age Range,Snapshot,Redshift,Center of Mass,Rotation Matrix
m12f_res7100,1.0535644584863668,0.9280347350217122,0.06330972614678305,0.8808523555881902,0.060090985071515,0.06821913421732201,0.939909014928485,0.22491126570125164,30,98794,86808,19.653308782922554,6.891281413370816,784761557.0184458,"[8.69906033340584e-06, 0.09997341918918545]",486,0.20076481,[-0.22893221  0.10666339  0.32144675],"[[ 0.71475651  0.48340804  0.50541052]
 [-0.48021795 -0.18614491  0.85717022]
 [-0.50844257  0.8553752  -0.09909293]]"
