Simulation,a,b,c,b/a,c/a,c/b,ellipticity,triaxiality,Iterations,Initial Particles,Remaining Particles,Max Radius,r_50,mass,Age Range,Snapshot,Redshift,Center of Mass,Rotation Matrix
m12f_res7100,3.9136757795145765,2.417650619924977,0.11020363632083643,0.6177442271993325,0.0281586014093649,0.04558294544819557,0.9718413985906351,0.6188827861520706,26,86024,75671,33.17413923499769,16.935839772577637,674559823.9731692,"[3.410726577893902e-05, 0.09997862133655606]",590,0.0015949,[ 0.60085359 -0.40422951  3.58962333],"[[-0.21705566 -0.8141292  -0.5385912 ]
 [ 0.14703336  0.5181833  -0.8425362 ]
 [-0.96502229  0.26206813 -0.00722953]]"
