Simulation,a,b,c,b/a,c/a,c/b,ellipticity,triaxiality,Iterations,Initial Particles,Remaining Particles,Max Radius,r_50,mass,Age Range,Snapshot,Redshift,Center of Mass,Rotation Matrix
m12f_res7100,0.5891564836385599,0.41840716661980537,0.16605550907901032,0.7101800255778784,0.28185297741861615,0.39687539393869947,0.7181470225813839,0.538416750675997,30,146692,131469,5.685334247797677,2.3615011935436567,943246832.8993163,"[4.093194948318057e-06, 0.09999482962482009]",294,0.89728099,[-0.02510236  0.20650746 -0.09098448],"[[-0.05327062  0.06597395  0.99639835]
 [ 0.86845036  0.49558912  0.01361596]
 [-0.49290589  0.86604784 -0.08369544]]"
