Simulation,a,b,c,b/a,c/a,c/b,ellipticity,triaxiality,Iterations,Initial Particles,Remaining Particles,Max Radius,r_50,mass,Age Range,Snapshot,Redshift,Center of Mass,Rotation Matrix
m12f_res7100,1.0078198956522055,0.26872433541286994,0.25444215178397883,0.2666392443453067,0.25246787931222364,0.9468519157115121,0.7475321206877763,0.9921427202091232,30,12642,11241,2.914132846120411,1.619912736249961,73217441.69878761,"[4.252212866262539e-06, 0.09985627023592869]",088,4.0,[-0.44784634 -0.25127876  0.64534755],"[[ 0.75751459 -0.27248712  0.59323049]
 [ 0.2759337   0.95720199  0.08732089]
 [-0.59163523  0.09754543  0.80028286]]"
