Simulation,a,b,c,b/a,c/a,c/b,ellipticity,triaxiality,Iterations,Initial Particles,Remaining Particles,Max Radius,r_50,mass,Age Range,Snapshot,Redshift,Center of Mass,Rotation Matrix
m12f_res7100,0.8854688420279427,0.8432643740474955,0.610220763364973,0.9523365860239774,0.6891498993543539,0.7236411049076328,0.3108501006456461,0.1772232249222305,12,16049,14390,3.255287140018917,1.94125224133285,85871073.52196845,"[3.745651154041241e-05, 0.0999901432291157]",120,3.0,[ 1.2580118   0.25884909 -0.96721618],"[[ 0.57740377  0.74025811  0.34441664]
 [-0.79466023  0.60636327  0.02896052]
 [-0.18740334 -0.29041611  0.93837011]]"
