Simulation,a,b,c,b/a,c/a,c/b,ellipticity,triaxiality,Iterations,Initial Particles,Remaining Particles,Max Radius,r_50,mass,Age Range,Snapshot,Redshift,Center of Mass,Rotation Matrix
m12f_res7100,6.214493320542274,3.453730620976115,0.30819973505335146,0.555754177023517,0.04959370284212617,0.08923676131007754,0.9504062971578738,0.6928413625520845,30,149941,132027,27.111029021023366,16.430184889910375,1096817927.092994,"[8.807715075720424e-06, 0.09999564317634291]",534,0.0998249,[ 3.23731371 -2.11449427 -0.4190794 ],"[[ 0.82878808  0.18074593 -0.52956702]
 [-0.52372626 -0.0826762  -0.84786523]
 [-0.19703078  0.98004875  0.02614034]]"
