Simulation,a,b,c,b/a,c/a,c/b,ellipticity,triaxiality,Iterations,Initial Particles,Remaining Particles,Max Radius,r_50,mass,Age Range,Snapshot,Redshift,Center of Mass,Rotation Matrix
m12c_res7100,0.8081022446597473,0.6614120065238291,0.4166531534803847,0.8184756457424737,0.5155945998588546,0.6299449501532047,0.4844054001411454,0.44962491049156544,30,6649,5904,3.7789116924201287,2.072311016495095,35440279.10307326,"[2.433724828421191e-05, 0.09996072178771165]",120,3.0,[-0.45247755  0.47606047  0.87753359],"[[ 0.05290136  0.64011873 -0.76645251]
 [-0.70688533  0.56613681  0.42403094]
 [-0.70534713 -0.51936223 -0.48243995]]"
