Simulation,a,b,c,b/a,c/a,c/b,ellipticity,triaxiality,Iterations,Initial Particles,Remaining Particles,Max Radius,r_50,mass,Age Range,Snapshot,Redshift,Center of Mass,Rotation Matrix
m12c_res7100,0.6616459826717777,0.35859031652900575,0.18869673627903485,0.5419670426789116,0.2851928995579522,0.5262181592228565,0.7148071004420478,0.768802247750564,30,82043,73950,8.25933114837688,3.437097118428286,526211090.9402419,"[5.019424030194841e-06, 0.09997177145349312]",332,0.70189703,[-0.05327172 -0.04459428  0.16264305],"[[ 0.14168536  0.40162622 -0.90477712]
 [ 0.87976585  0.3679138   0.30108384]
 [ 0.45380315 -0.83865119 -0.30120904]]"
