Simulation,a,b,c,b/a,c/a,c/b,ellipticity,triaxiality,Iterations,Initial Particles,Remaining Particles,Max Radius,r_50,mass,Age Range,Snapshot,Redshift,Center of Mass,Rotation Matrix
m12c_res7100,0.6579874145629635,0.6536897782252147,0.24465175567479058,0.9934685128581018,0.37181829053263693,0.37426278308806765,0.6281817094673631,0.01510913426244637,18,8543864,7606970,11.145568384790346,3.8543349124388153,45292079816.95744,"[2.517235393560526, 13.609581710519718]",486,0.20076481,[-0.06634693 -0.18663693  0.04915382],"[[-0.42296572  0.10673107 -0.89983803]
 [-0.87122828 -0.32090967  0.37145426]
 [-0.24912101  0.94107676  0.22872092]]"
