Simulation,a,b,c,b/a,c/a,c/b,ellipticity,triaxiality,Iterations,Initial Particles,Remaining Particles,Max Radius,r_50,mass,Age Range,Snapshot,Redshift,Center of Mass,Rotation Matrix
m12c_res7100,0.4724130030114229,0.4037972658390912,0.2936963705068301,0.8547547659887919,0.6216940868152364,0.7273362039649494,0.3783059131847636,0.4391130292051642,30,70980,63672,2.8804295581301917,1.7456168330813,354742437.24319816,"[11.996907462248528, 13.592778697191756]",102,3.50704241,[-0.01800212  0.01294035  0.01246015],"[[ 0.27999835  0.39997228 -0.8727102 ]
 [ 0.89955482 -0.42679103  0.0930083 ]
 [-0.33526414 -0.81109284 -0.47929778]]"
