Simulation,a,b,c,b/a,c/a,c/b,ellipticity,triaxiality,Iterations,Initial Particles,Remaining Particles,Max Radius,r_50,mass,Age Range,Snapshot,Redshift,Center of Mass,Rotation Matrix
m12c_res7100,1.4750832721971954,0.7773695306010412,0.5247266637013507,0.5270004380451812,0.35572680782946536,0.6750028693504956,0.6442731921705347,0.8269088793688752,30,2516106,2254639,12.930911069849424,6.318216124139817,12604352129.232826,"[7.93314314636626, 13.595012249653497]",277,1.0,[0.06302962 0.14762774 0.38249819],"[[-0.14273751 -0.07678572 -0.98677756]
 [-0.64832445 -0.74607064  0.15183542]
 [-0.74786456  0.66142463  0.05671021]]"
