Simulation,a,b,c,b/a,c/a,c/b,ellipticity,triaxiality,Iterations,Initial Particles,Remaining Particles,Max Radius,r_50,mass,Age Range,Snapshot,Redshift,Center of Mass,Rotation Matrix
m12c_res7100,0.6937554125510215,0.6859633608402012,0.22177795290085173,0.9887683013784815,0.31967743802581333,0.3233087444046681,0.6803225619741866,0.02487980458921059,16,10861180,9698889,13.100813028661554,4.3129017044425195,58759653903.65071,"[7.73983617963095e-06, 13.609740182276482]",600,0.0,[-0.05815512  0.02170015 -0.11958174],"[[ 0.34327595 -0.09111302  0.93480481]
 [ 0.09431957 -0.98690834 -0.13082713]
 [ 0.93448673  0.1330802  -0.33018816]]"
