Simulation,a,b,c,b/a,c/a,c/b,ellipticity,triaxiality,Iterations,Initial Particles,Remaining Particles,Max Radius,r_50,mass,Age Range,Snapshot,Redshift,Center of Mass,Rotation Matrix
m12c_res7100,0.7136409373908665,0.6917834141154574,0.341999220497369,0.969371819734274,0.47923150505875967,0.49437325833355406,0.5207684949412403,0.07830113602215195,23,5507652,4912252,11.557573020705549,3.5325518364614124,28235589964.080215,"[5.183320899814174, 13.609740182276482]",382,0.49880669,[-0.05730874 -0.20288402 -0.22254711],"[[ 0.29057238  0.05919663  0.95502013]
 [ 0.50696268 -0.85600808 -0.10118798]
 [ 0.81151496  0.513562   -0.27874278]]"
