Simulation,a,b,c,b/a,c/a,c/b,ellipticity,triaxiality,Iterations,Initial Particles,Remaining Particles,Max Radius,r_50,mass,Age Range,Snapshot,Redshift,Center of Mass,Rotation Matrix
m12c_res7100,0.7046448312099398,0.6576819748260878,0.21788138235082563,0.9333524432397915,0.3092073803716169,0.3312868387619114,0.6907926196283831,0.14247515264317168,18,10843571,9682295,13.446469292737659,4.462208168893847,58669483417.52521,"[0.02301091474048304, 13.609740182276482]",590,0.0015949,[-0.08271116  0.04102713 -0.18528445],"[[ 0.10455969  0.33690774  0.93571387]
 [-0.78664591  0.60368002 -0.1294552 ]
 [ 0.60848623  0.72253969 -0.32814769]]"
