Simulation,a,b,c,b/a,c/a,c/b,ellipticity,triaxiality,Iterations,Initial Particles,Remaining Particles,Max Radius,r_50,mass,Center of Mass,Rotation Matrix
m12_elvis_RomulusRemus_res4000,0.338246015217676,0.20075975680145805,0.15651130196656113,0.5935317720513587,0.4627143999489227,0.7795949968266969,0.5372856000510773,0.8241809898449728,30,5528,4909,1.1578468993325124,1.017791650299632,15306233.0315539,[-0.05668518 -0.00353507 -0.01441079],"[[ 0.9852036   0.13349512  0.10748451]
 [ 0.02002207 -0.71249472  0.70139175]
 [-0.17021452  0.68886161  0.70462522]]"
