Simulation,a,b,c,b/a,c/a,c/b,ellipticity,triaxiality,Iterations,Initial Particles,Remaining Particles,Max Radius,r_50,mass,Center of Mass,Rotation Matrix
m12_elvis_RomulusRemus_res4000,0.24547555171775648,0.19587217157729306,0.15713524495128067,0.7979294483977919,0.6401258449230498,0.8022336388366103,0.3598741550769502,0.6155280408345434,27,45358,40797,2.0799935032009307,1.01850659644497,128399929.45046076,[ 0.02554439 -0.01686783  0.04474705],"[[ 0.51541986  0.85659101  0.02437624]
 [-0.11929749  0.09989324 -0.98782056]
 [-0.84859323  0.50623431  0.15367611]]"
