Simulation,a,b,c,b/a,c/a,c/b,ellipticity,triaxiality,Iterations,Initial Particles,Remaining Particles,Max Radius,r_50,mass,Age Range,Snapshot,Redshift,Center of Mass,Rotation Matrix
m12_elvis_RomeoJuliet_res3500,1.408084726574161,1.2284730766427698,0.05970040358282751,0.8724425835024983,0.04239830349419191,0.048597242152005185,0.9576016965058081,0.23927406140595825,30,698136,613229,32.25876361689513,13.740385150091354,2465476719.883324,"[3.982150949159019e-06, 0.4999868196670294]",590,0.0015949,[-0.40145795  0.69793697 -0.17944035],"[[ 0.48464887 -0.03063633 -0.87417211]
 [-0.83603136  0.27767001 -0.47323455]
 [ 0.25722955  0.96018789  0.10895952]]"
