Simulation,a,b,c,b/a,c/a,c/b,ellipticity,triaxiality,Iterations,Initial Particles,Remaining Particles,Max Radius,r_50,mass,Age Range,Snapshot,Redshift,Center of Mass,Rotation Matrix
m12_elvis_RomeoJuliet_res3500,0.8099970120953451,0.7951036097602631,0.26485975926907085,0.981613015711558,0.32698856330829784,0.33311351629875063,0.6730114366917022,0.04079808015020604,13,900925,808603,7.1377057959805095,3.6524793062110605,2440445926.8624916,"[2.0034982810557267e-06, 0.49999768484047635]",172,2.0,[ 0.14129481  0.29025676 -0.20333544],"[[ 0.32443236  0.49847505  0.80390688]
 [ 0.83628226  0.24598402 -0.49002432]
 [-0.44201315  0.83127281 -0.33706067]]"
