Simulation,a,b,c,b/a,c/a,c/b,ellipticity,triaxiality,Iterations,Initial Particles,Remaining Particles,Max Radius,r_50,mass,Age Range,Snapshot,Redshift,Center of Mass,Rotation Matrix
m12_elvis_RomeoJuliet_res3500,1.4678232860519125,1.3537562437460473,0.0638374405239294,0.9222883003766225,0.043491230266305816,0.047155786589232335,0.9565087697336941,0.1496673849177719,4,696267,611558,32.380038369049394,13.30722255719732,2463195373.7608027,"[3.1819340775850465e-05, 0.4999919351391168]",600,0.0,[ 4.35526923e-15 -1.43723885e-15  5.98849519e-16],"[[-0.99413149 -0.10817047 -0.001313  ]
 [ 0.10816547 -0.99412703  0.00341696]
 [ 0.00167491 -0.00325488 -0.9999933 ]]"
