Simulation,a,b,c,b/a,c/a,c/b,ellipticity,triaxiality,Iterations,Initial Particles,Remaining Particles,Max Radius,r_50,mass,Age Range,Snapshot,Redshift,Center of Mass,Rotation Matrix
m12_elvis_RomeoJuliet_res3500,0.9053493422078599,0.8367577108786725,0.1388442012521923,0.9242373875680804,0.15335980795390575,0.1659311882604501,0.8466401920460942,0.1492965924205445,6,1393157,1246360,12.820141344204421,5.216563286911089,4329387186.108888,"[9.674181162822038e-07, 0.4999995505779946]",277,1.0,[ 1.67735729e-15 -2.83431564e-15 -1.20806896e-15],"[[-9.97972234e-01  6.36191685e-02 -2.00533634e-03]
 [-6.36204552e-02 -9.97973996e-01  5.84476255e-04]
 [ 1.96408963e-03 -7.10871485e-04 -9.99997819e-01]]"
