Simulation,a,b,c,b/a,c/a,c/b,ellipticity,triaxiality,Iterations,Initial Particles,Remaining Particles,Max Radius,r_50,mass,Age Range,Snapshot,Redshift,Center of Mass,Rotation Matrix
m12_elvis_RomeoJuliet_res3500,1.5910701222814143,1.3312609633349577,0.0816304690582337,0.8367079141842474,0.05130538743395223,0.06131815722571798,0.9486946125660478,0.30071141178390204,6,585045,515206,21.58624217005601,7.956712131204543,2258827718.6469326,"[1.8546441379108103e-05, 0.49999145954885726]",412,0.3986637,[-2.69176133e-15 -2.20558418e-15 -9.18993407e-17],"[[-0.99963171  0.02425948  0.012162  ]
 [ 0.02423855  0.99970446 -0.00186549]
 [ 0.01220366  0.00157002  0.9999243 ]]"
