Simulation,a,b,c,b/a,c/a,c/b,ellipticity,triaxiality,Iterations,Initial Particles,Remaining Particles,Max Radius,r_50,mass,Age Range,Snapshot,Redshift,Center of Mass,Rotation Matrix
m12_elvis_RomeoJuliet_res3500,0.8091116856330193,0.7945107213808998,0.2653474304342476,0.9819543278000044,0.32794907692706166,0.33397589647759607,0.6720509230729383,0.040075883290314154,6,900925,808467,7.141093993781631,3.642583148558554,2440045755.700611,"[2.0034982810557267e-06, 0.49999768484047635]",172,2.0,[-9.75187040e-17 -4.08617105e-16 -1.62073339e-16],"[[-0.97814618  0.20775361 -0.00827551]
 [ 0.2077844   0.97816991 -0.00304385]
 [-0.00746249  0.00469685  0.99996112]]"
