Simulation,a,b,c,b/a,c/a,c/b,ellipticity,triaxiality,Iterations,Initial Particles,Remaining Particles,Max Radius,r_50,mass,Age Range,Snapshot,Redshift,Center of Mass,Rotation Matrix
m12_elvis_RomeoJuliet_res3500,0.9067404563926676,0.8378812545760359,0.13844529224230007,0.9240585314891785,0.1526845871563778,0.16523259290763434,0.8473154128436222,0.14960347380544625,14,1393157,1246360,12.858267348893168,5.223696898879732,4329418668.360567,"[9.674181162822038e-07, 0.4999995505779946]",277,1.0,[-0.02625932  0.32124347 -0.41079083],"[[ 0.19679081 -0.37302879  0.90670993]
 [ 0.88634554 -0.32764719 -0.32716801]
 [-0.41912404 -0.86804196 -0.26615445]]"
