Simulation,a,b,c,b/a,c/a,c/b,ellipticity,triaxiality,Iterations,Initial Particles,Remaining Particles,Max Radius,r_50,mass,Age Range,Snapshot,Redshift,Center of Mass,Rotation Matrix
m12_elvis_RomeoJuliet_res3500,1.2142132670355088,1.0988003942059656,0.07131860457567227,0.9049484337201136,0.058736472835448444,0.0649058782211393,0.9412635271645515,0.18169517580207645,6,662117,586851,20.390183706084784,7.476903128983449,2493403503.52637,"[7.00817893495298e-07, 0.49999216461137497]",382,0.49880669,[-1.07568402e-15 -6.45410413e-17 -4.99520768e-16],"[[ 9.97901286e-01 -6.47518425e-02 -4.72117341e-04]
 [-6.47531882e-02 -9.97893804e-01 -3.87037027e-03]
 [ 2.20509363e-04 -3.89281857e-03  9.99992399e-01]]"
