Simulation,a,b,c,b/a,c/a,c/b,ellipticity,triaxiality,Iterations,Initial Particles,Remaining Particles,Max Radius,r_50,mass,Age Range,Snapshot,Redshift,Center of Mass,Rotation Matrix
m12_elvis_RomeoJuliet_res3500,1.5047016705146523,1.3532488076995544,0.08491350222888305,0.8993469165463898,0.056432118002394546,0.06274788623182395,0.9435678819976054,0.19178588193846985,30,585045,514791,20.658419970140304,8.134519187851245,2255422544.131136,"[1.8546441379108103e-05, 0.49999145954885726]",412,0.3986637,[-0.29525678  0.97208343 -0.39471539],"[[-0.25078349 -0.21181823  0.94458492]
 [ 0.96410251 -0.1426052   0.22398686]
 [-0.08725822 -0.9668489  -0.23997752]]"
