Simulation,a,b,c,b/a,c/a,c/b,ellipticity,triaxiality,Iterations,Initial Particles,Remaining Particles,Max Radius,r_50,mass,Age Range,Snapshot,Redshift,Center of Mass,Rotation Matrix
m12_elvis_RomeoJuliet_res3500,0.904322987135174,0.8763608611256937,0.33177532575289065,0.9690794921645615,0.3668770234448308,0.3785830021285092,0.6331229765551691,0.0703545758564769,17,1760638,1582660,8.782432809330894,3.997028918335395,5023664603.133388,"[3.112613461198066e-06, 0.4999932343206588]",214,1.5,[ 0.05696173  0.30745002 -0.14831122],"[[ 0.2776105   0.36478716 -0.88874222]
 [ 0.7695578   0.46933317  0.43302099]
 [-0.5750767   0.80414968  0.15043298]]"
