Simulation,a,b,c,b/a,c/a,c/b,ellipticity,triaxiality,Iterations,Initial Particles,Remaining Particles,Max Radius,r_50,mass,Age Range,Snapshot,Redshift,Center of Mass,Rotation Matrix
m12_elvis_RomeoJuliet_res3500,0.13907586080450632,0.11105562651149924,0.09535699058711548,0.7985255375669106,0.6856473153249448,0.8586416877963564,0.31435268467505517,0.683837208366028,6,629524,565786,4.7504135426898895,1.5599730949385404,1643991895.8478982,"[8.175803658971859e-06, 0.499998346624853]",120,3.0,[-5.09603428e-16 -5.68844827e-16 -3.24107780e-16],"[[ 0.99976147  0.02101563  0.00594468]
 [ 0.02110838 -0.99964921 -0.0159968 ]
 [-0.00560641 -0.01611847  0.99985437]]"
