Simulation,a,b,c,b/a,c/a,c/b,ellipticity,triaxiality,Iterations,Initial Particles,Remaining Particles,Max Radius,r_50,mass,Age Range,Snapshot,Redshift,Center of Mass,Rotation Matrix
m12_elvis_RomeoJuliet_res3500,0.14501222950852627,0.10694756034280932,0.09490745722634421,0.7375071792584303,0.6544789880688231,0.8874204976918425,0.3455210119311769,0.7978262450274611,18,5318,4746,0.6296141917377206,0.34491346634360087,14378745.062473666,"[0.00012499866719473118, 0.40901937848231285]",029,8.54545403,[ 7.43598749e-18 -9.08212212e-19 -1.54396076e-17],"[[-0.99902412  0.02274596  0.03786054]
 [-0.02432817 -0.99882691 -0.04186809]
 [-0.0368638   0.04274831 -0.99840555]]"
