Simulation,a,b,c,b/a,c/a,c/b,ellipticity,triaxiality,Iterations,Initial Particles,Remaining Particles,Max Radius,r_50,mass,Age Range,Snapshot,Redshift,Center of Mass,Rotation Matrix
m12_elvis_RomeoJuliet_res3500,0.6844181333506498,0.3508711821884054,0.2681536008346536,0.5126561747723926,0.3917979196750325,0.7642508545790593,0.6082020803249675,0.870866546850101,30,54612,48966,2.458136409737931,2.001008712445211,136650624.61247897,"[3.199268030940061e-05, 0.4997621176058864]",067,5.0,[ 0.11515702 -0.08370738  0.01033312],"[[-0.94892035  0.31129837 -0.05141496]
 [-0.31271455 -0.94959049  0.02207961]
 [ 0.04194981 -0.03703    -0.99843327]]"
