Simulation,a,b,c,b/a,c/a,c/b,ellipticity,triaxiality,Iterations,Initial Particles,Remaining Particles,Max Radius,r_50,mass,Age Range,Snapshot,Redshift,Center of Mass,Rotation Matrix
m12_elvis_RomeoJuliet_res3500,0.24669913502421784,0.14633069088999473,0.13989790444974,0.5931544546178884,0.5670790229402571,0.9560393899521009,0.43292097705974286,0.955405903191724,6,499598,447557,4.174659475991232,1.7328946466343547,1329408127.268797,"[1.22966934412716e-07, 0.499999519577111]",102,3.50704241,[7.52335451e-16 1.07116438e-16 7.68717966e-17],"[[-0.99964988 -0.00839842 -0.02509135]
 [ 0.00900811 -0.99966449 -0.02428518]
 [ 0.02487898  0.0245027  -0.99939014]]"
