Simulation,a,b,c,b/a,c/a,c/b,ellipticity,triaxiality,Iterations,Initial Particles,Remaining Particles,Max Radius,r_50,mass,Age Range,Snapshot,Redshift,Center of Mass,Rotation Matrix
m12_elvis_RomeoJuliet_res3500,0.7299366189373349,0.7101384750719754,0.09818067737726632,0.9728769000599227,0.13450575684256108,0.13825567945366615,0.865494243157439,0.054496476610335486,13,1266939,1132918,12.909568269764945,6.095823067175605,4008691391.6499705,"[1.9254655825307054e-07, 0.49999939353664935]",294,0.89728099,[0.10470467 0.14992684 0.30636846],"[[-0.11015914 -0.34217839  0.93315535]
 [-0.82075329 -0.49819893 -0.27957444]
 [ 0.56056133 -0.79668801 -0.22596287]]"
