Simulation,a,b,c,b/a,c/a,c/b,ellipticity,triaxiality,Iterations,Initial Particles,Remaining Particles,Max Radius,r_50,mass,Age Range,Snapshot,Redshift,Center of Mass,Rotation Matrix
m12_elvis_RomeoJuliet_res3500,1.0211796739300902,0.9102542282345254,0.061906880556609735,0.891375192311986,0.060622907150468676,0.06801053885427219,0.9393770928495313,0.20620810955738067,30,541331,472700,25.86224520457611,11.671405375729801,2035473751.4332416,"[2.3622625026309407e-05, 0.49998569677571014]",486,0.20076481,[ 0.12816196 -0.00089984  0.40600754],"[[ 0.2112089   0.34725978  0.91367469]
 [-0.80820555 -0.46367415  0.36305656]
 [-0.54972228  0.81511774 -0.18272518]]"
