Simulation,a,b,c,b/a,c/a,c/b,ellipticity,triaxiality,Iterations,Initial Particles,Remaining Particles,Max Radius,r_50,mass,Age Range,Snapshot,Redshift,Center of Mass,Rotation Matrix
m12_elvis_RomeoJuliet_res3500,0.4514145954411416,0.2117579529698437,0.15792097505852404,0.46909859607641796,0.34983577547863054,0.7457617191880083,0.6501642245213695,0.8887115297657929,12,43252,38676,1.838263622820587,1.441262459650139,109821773.86655594,"[0.022745596370116417, 0.4993515691547419]",059,5.49484539,[ 0.00083843 -0.10575735 -0.08076127],"[[ 0.40886719 -0.84417538  0.34669229]
 [ 0.83358207  0.50009308  0.23462277]
 [ 0.37144119 -0.19306692 -0.90816111]]"
