Simulation,a,b,c,b/a,c/a,c/b,ellipticity,triaxiality,Iterations,Initial Particles,Remaining Particles,Max Radius,r_50,mass,Age Range,Snapshot,Redshift,Center of Mass,Rotation Matrix
m12_elvis_RomeoJuliet_res3500,1.478455433066457,1.3632017471557596,0.06293921769217473,0.9220445315205408,0.04257092657952686,0.046170141597524875,0.9574290734204731,0.1501059164121391,23,696267,611662,30.895326605221438,13.33520153346224,2463195587.7618566,"[3.1819340775850465e-05, 0.4999919351391168]",600,0.0,[-0.37456436  0.70333418 -0.07309853],"[[-0.46929232  0.10362214  0.87694194]
 [ 0.8830313   0.04998501  0.46664464]
 [ 0.00452076  0.99335993 -0.11495917]]"
