Simulation,a,b,c,b/a,c/a,c/b,ellipticity,triaxiality,Iterations,Initial Particles,Remaining Particles,Max Radius,r_50,mass,Age Range,Snapshot,Redshift,Center of Mass,Rotation Matrix
m12_elvis_RomeoJuliet_res3500,0.4487021439199536,0.21218781545243937,0.15855376438800234,0.4728923592803084,0.3533608353257336,0.7472331248140929,0.6466391646742664,0.8871452094594588,6,43252,38624,1.602889159120747,1.4124022176457487,109668223.15945235,"[0.022745596370116417, 0.4993515691547419]",059,5.49484539,[2.58424132e-16 2.83126439e-16 3.80035488e-18],"[[-0.99720892  0.06006515  0.04434572]
 [ 0.06463078  0.99183377  0.10994835]
 [-0.03737952  0.11250757 -0.99294754]]"
