Simulation,a,b,c,b/a,c/a,c/b,ellipticity,triaxiality,Iterations,Initial Particles,Remaining Particles,Max Radius,r_50,mass,Age Range,Snapshot,Redshift,Center of Mass,Rotation Matrix
m12_elvis_RomeoJuliet_res3500,1.3984313176370282,1.2391292347216787,0.05959556656622944,0.8860851577719762,0.042616012538198786,0.04809471433350148,0.9573839874618012,0.2152440030890071,4,698136,613257,31.720299947097928,13.71178596967085,2465855874.9544816,"[3.982150949159019e-06, 0.4999868196670294]",590,0.0015949,[-2.33847602e-16 -1.91972566e-15 -6.91685858e-16],"[[-0.99999513  0.00295257  0.00101438]
 [ 0.00295439  0.99999401  0.00180249]
 [-0.00100905  0.00180548 -0.99999786]]"
