Simulation,a,b,c,b/a,c/a,c/b,ellipticity,triaxiality,Iterations,Initial Particles,Remaining Particles,Max Radius,r_50,mass,Age Range,Snapshot,Redshift,Center of Mass,Rotation Matrix
m12_elvis_RomeoJuliet_res3500,0.24716228768650342,0.14600354179185246,0.13994863329222307,0.5907193332707817,0.5662216295300342,0.9585290300131111,0.4337783704699658,0.9582827697836673,14,499598,447427,4.269794341428102,1.7357252116014925,1329014714.4728086,"[1.22966934412716e-07, 0.499999519577111]",102,3.50704241,[ 0.11523324 -0.07339702  0.12665231],"[[-0.53449402  0.53850773 -0.65140277]
 [-0.79265005 -0.58685649  0.16524332]
 [-0.29329514  0.60465601  0.74051946]]"
