Simulation,a,b,c,b/a,c/a,c/b,ellipticity,triaxiality,Iterations,Initial Particles,Remaining Particles,Max Radius,r_50,mass,Age Range,Snapshot,Redshift,Center of Mass,Rotation Matrix
m12_elvis_RomeoJuliet_res3500,0.48965133562072505,0.278860462759708,0.2536758260356315,0.5695082244720112,0.5180744084238017,0.9096873164634388,0.4819255915761983,0.9235393539866582,30,318987,285363,3.528365480183966,2.00789184010361,840165531.791951,"[1.6803103708440403e-06, 0.4999556058545327]",088,4.0,[-0.03509149 -0.01436587  0.05177326],"[[-0.59207979 -0.09079194 -0.80074862]
 [-0.78870622 -0.13875167  0.59890774]
 [-0.1654812   0.98615658  0.01054389]]"
