Simulation,a,b,c,b/a,c/a,c/b,ellipticity,triaxiality,Iterations,Initial Particles,Remaining Particles,Max Radius,r_50,mass,Age Range,Snapshot,Redshift,Center of Mass,Rotation Matrix
m12_elvis_RomeoJuliet_res3500,1.2155013113530397,1.098940174695599,0.07123396775737775,0.9041044747802942,0.058604599675901134,0.06482060570504597,0.9413954003240989,0.18322438266017402,16,662117,586872,20.371228495997144,7.501438564616168,2493443184.2080116,"[7.00817893495298e-07, 0.49999216461137497]",382,0.49880669,[ 0.24225424 -0.32929303  0.7885964 ],"[[-0.26881444 -0.03708808 -0.96247767]
 [ 0.31355355  0.94145892 -0.12385183]
 [-0.91072662  0.33508145  0.24144865]]"
