Simulation,a,b,c,b/a,c/a,c/b,ellipticity,triaxiality,Iterations,Initial Particles,Remaining Particles,Max Radius,r_50,mass,Age Range,Snapshot,Redshift,Center of Mass,Rotation Matrix
m12_elvis_RomeoJuliet_res3500,1.3533404539469371,1.225882723509541,0.06557925415057507,0.9058199065389103,0.048457321998553335,0.053495536638961914,0.9515426780014467,0.17991275222022515,30,533444,464926,20.48606662705826,9.400021638844052,2064958129.7500756,"[4.045898115645485e-06, 0.4999941044209959]",446,0.30020699,[ 0.23621164 -0.89846617 -0.13569472],"[[ 0.24376609 -0.1441039   0.95906838]
 [-0.96733914 -0.10701412  0.22978896]
 [ 0.06952038 -0.98375914 -0.16548376]]"
