Simulation,a,b,c,b/a,c/a,c/b,ellipticity,triaxiality,Iterations,Initial Particles,Remaining Particles,Max Radius,r_50,mass,Age Range,Snapshot,Redshift,Center of Mass,Rotation Matrix
m12_elvis_RomeoJuliet_res3500,1.3419284097320439,1.1961724436780832,0.07176780448138982,0.8913832027126803,0.05348109777012651,0.05999787477189547,0.9465189022298734,0.20602526511632496,30,636133,556094,28.976897435454532,12.490243166853256,2290721723.786963,"[1.2411751756147282e-05, 0.49998643980051183]",534,0.0998249,[-0.06184289  0.26790987 -0.22344457],"[[ 0.40666259 -0.07162326  0.91076652]
 [-0.79472397  0.46397195  0.39133596]
 [ 0.45059888  0.88294968 -0.13175932]]"
