Simulation,a,b,c,b/a,c/a,c/b,ellipticity,triaxiality,Iterations,Initial Particles,Remaining Particles,Max Radius,r_50,mass,Age Range,Snapshot,Redshift,Center of Mass,Rotation Matrix
m12_elvis_RomeoJuliet_res3500,0.13719502097606123,0.11180564451731591,0.09601581657588744,0.8149395198301297,0.699849133684239,0.8587743220872626,0.30015086631576104,0.6583030430309428,30,629524,565279,4.7310283028600635,1.5485968095998834,1642767526.7864397,"[8.175803658971859e-06, 0.499998346624853]",120,3.0,[-0.01119463  0.04793999  0.01022068],"[[ 0.65062038 -0.14608054 -0.7452205 ]
 [ 0.29623652  0.95240157  0.07193869]
 [ 0.69924033 -0.26756631  0.66292626]]"
