Simulation,a,b,c,b/a,c/a,c/b,ellipticity,triaxiality,Iterations,Initial Particles,Remaining Particles,Max Radius,r_50,mass,Age Range,Snapshot,Redshift,Center of Mass,Rotation Matrix
m12f_res7100,0.2974295373684813,0.14576265885419146,0.12437504916912515,0.490074590922717,0.4181664345429103,0.853270996473379,0.5818335654570896,0.9208495669129545,30,1675,1465,0.9649114616175989,0.7744010614168642,8386098.024348834,"[0.0463370017004916, 0.09977536454473146]",041,7.0,[-0.05401295 -0.02398043  0.14656235],"[[-0.65164427  0.61225303 -0.44777893]
 [-0.60546763 -0.06425288  0.79327203]
 [-0.45691212 -0.78804682 -0.41256941]]"
