Simulation,a,b,c,b/a,c/a,c/b,ellipticity,triaxiality,Iterations,Initial Particles,Remaining Particles,Max Radius,r_50,mass,Age Range,Snapshot,Redshift,Center of Mass,Rotation Matrix
m12f_res7100,0.48915522919327914,0.31514839988780907,0.17807353804173637,0.6442707367302517,0.3640430019227587,0.5650466196405549,0.6359569980772413,0.6742750782599085,30,4852,4164,2.6133638504380023,1.0554525180989656,26010410.61526119,"[5.343760349774129e-06, 0.0972941262821827]",102,3.50704241,[-1.57392875 -0.11109501  0.68734969],"[[ 0.65617233  0.09870594 -0.74812767]
 [ 0.57781819  0.57193088  0.58225528]
 [-0.48534937  0.81434158 -0.31825113]]"
