Simulation,a,b,c,b/a,c/a,c/b,ellipticity,triaxiality,Iterations,Initial Particles,Remaining Particles,Max Radius,r_50,mass,Age Range,Snapshot,Redshift,Center of Mass,Rotation Matrix
m12f_res7100,1.2957703860984815,1.0067833543601354,0.07542024717137763,0.7769766658979792,0.05820494740465964,0.07491209190611939,0.9417950525953404,0.39765444068787403,30,110264,97637,21.476585145698397,6.572412421547639,858638533.4361901,"[5.001278226668404e-06, 0.09997014335756216]",446,0.30020699,[ 0.13371626 -0.06856376 -0.69427911],"[[-0.27340925 -0.83117604 -0.48414231]
 [ 0.14726275  0.46121703 -0.87498145]
 [-0.95055829  0.31052415  0.00369974]]"
