Simulation,a,b,c,b/a,c/a,c/b,ellipticity,triaxiality,Iterations,Initial Particles,Remaining Particles,Max Radius,r_50,mass,Age Range,Snapshot,Redshift,Center of Mass,Rotation Matrix
m12f_res7100,0.26747497041176643,0.198385442585986,0.1352964375365504,0.7416972222880518,0.5058284045354496,0.6819877294066524,0.49417159546455036,0.6045726156507142,11,96589,87003,3.111823019160662,1.4812026953693194,608550819.5881538,"[4.837090378018161e-06, 0.09998873936359587]",277,1.0,[-0.05231651 -0.043555    0.03289053],"[[ 0.08546896 -0.63597876 -0.76695898]
 [-0.46420899 -0.70653914  0.53414647]
 [-0.88159235  0.31037631 -0.35561422]]"
