Simulation,a,b,c,b/a,c/a,c/b,ellipticity,triaxiality,Iterations,Initial Particles,Remaining Particles,Max Radius,r_50,mass,Age Range,Snapshot,Redshift,Center of Mass,Rotation Matrix
m12b_res7100,0.13262110776768798,0.10248594548226818,0.08238819450854422,0.7727725036182967,0.6212298773198561,0.8038974917082536,0.3787701226801439,0.6559844991227752,30,882662,790366,3.469260562211519,0.9606227461906133,5643470951.633456,"[1.167708677307644e-06, 0.4999940795015414]",294,0.89728099,[ 0.04799751 -0.02982232  0.05419758],"[[-0.80936518  0.56914853 -0.14490672]
 [ 0.14884396  0.43745622  0.88683569]
 [-0.56813157 -0.69620543  0.43877615]]"
