Simulation,a,b,c,b/a,c/a,c/b,ellipticity,triaxiality,Iterations,Initial Particles,Remaining Particles,Max Radius,r_50,mass,Age Range,Snapshot,Redshift,Center of Mass,Rotation Matrix
m12b_res7100,0.205418574667998,0.10828033936727226,0.09299123170999414,0.5271204882142586,0.4526914465271147,0.8588007042957306,0.5473085534728853,0.9082767282479042,16,1295,1143,0.8882061628558499,0.5353803924364423,6482186.226747818,"[0.0006065985409797747, 0.4831059606894694]",041,7.0,[-2.61392430e-16 -1.10842156e-17 -8.21495569e-17],"[[ 0.99959573  0.0276983  -0.00641747]
 [ 0.02839953 -0.98347505  0.17880236]
 [ 0.0013589   0.17891233  0.98386408]]"
