Simulation,a,b,c,b/a,c/a,c/b,ellipticity,triaxiality,Iterations,Initial Particles,Remaining Particles,Max Radius,r_50,mass,Age Range,Snapshot,Redshift,Center of Mass,Rotation Matrix
m12b_res7100,0.3692449193650795,0.31251831782394274,0.04256480324999229,0.8463713417135739,0.11527525774270073,0.13619938679553234,0.8847247422572992,0.287475638907587,6,723668,645946,6.756341229692102,1.7948621002930678,4767448034.218083,"[8.954902354751937e-06, 0.4999984172183227]",332,0.70189703,[ 3.57255881e-16 -5.37290341e-16  8.65009318e-17],"[[ 9.99888416e-01 -1.49295067e-02 -5.14434354e-04]
 [ 1.49327190e-02  9.99864414e-01  6.94023559e-03]
 [ 4.10750311e-04 -6.94714308e-03  9.99975784e-01]]"
