Simulation,a,b,c,b/a,c/a,c/b,ellipticity,triaxiality,Iterations,Initial Particles,Remaining Particles,Max Radius,r_50,mass,Age Range,Snapshot,Redshift,Center of Mass,Rotation Matrix
m12b_res7100,0.06346716013304196,0.05632844348020047,0.04004761731085621,0.8875210953526662,0.6309974674604484,0.7109661626800146,0.3690025325395516,0.3527607513969775,30,892870,800007,2.904035942859035,0.9659439194402131,5470625154.9690275,"[2.0799485101363757e-05, 0.49999620677564494]",277,1.0,[ 1.22819850e-02 -5.71205488e-03  5.91858381e-05],"[[-0.273716   -0.77993925  0.56282707]
 [-0.79644322  0.51186251  0.32198596]
 [-0.53921957 -0.3601271  -0.76128229]]"
