Simulation,a,b,c,b/a,c/a,c/b,ellipticity,triaxiality,Iterations,Initial Particles,Remaining Particles,Max Radius,r_50,mass,Age Range,Snapshot,Redshift,Center of Mass,Rotation Matrix
m12b_res7100,0.8181535166192819,0.7682048846379455,0.03879809609246269,0.9389495602393414,0.04742153557291,0.05050488075293638,0.95257846442709,0.11864052237462651,5,445542,397281,16.90606440530545,6.900133624360528,3127442155.6381264,"[9.146453955308914e-06, 0.49999909017047384]",590,0.0015949,[4.18513149e-15 2.74434852e-16 4.41132584e-16],"[[-9.84360448e-01 -1.76165260e-01  5.56442743e-04]
 [-1.76166068e-01  9.84357980e-01 -2.21000468e-03]
 [ 1.58412805e-04  2.27346753e-03  9.99997403e-01]]"
