Simulation,a,b,c,b/a,c/a,c/b,ellipticity,triaxiality,Iterations,Initial Particles,Remaining Particles,Max Radius,r_50,mass,Age Range,Snapshot,Redshift,Center of Mass,Rotation Matrix
m12b_res7100,0.5920434297388592,0.3914586553782582,0.3368403717935015,0.661199222413336,0.5689453760885015,0.8604749624657547,0.4310546239114985,0.8321966933921862,6,70670,63515,4.057075387731526,2.471061483151765,361980546.2175531,"[1.635159789614704e-05, 0.49998258214363744]",120,3.0,[-1.01785811e-16  4.62662775e-17 -1.41112146e-16],"[[-0.999802   -0.01244213  0.01552937]
 [-0.01115805  0.99671644  0.08019867]
 [ 0.01647622 -0.08000951  0.99665792]]"
