Simulation,a,b,c,b/a,c/a,c/b,ellipticity,triaxiality,Iterations,Initial Particles,Remaining Particles,Max Radius,r_50,mass,Age Range,Snapshot,Redshift,Center of Mass,Rotation Matrix
m12b_res7100,0.4565207891142871,0.36685946100965866,0.029162935953735536,0.8035985868714025,0.06388084978630575,0.0794934819821036,0.9361191502136943,0.3556807600528441,21,376881,334099,13.232778487557654,3.759791405828851,2561996599.202606,"[8.539212511315952e-06, 0.49999904696518627]",382,0.49880669,[ 0.23540568  0.12025869 -0.16410044],"[[-0.83380796  0.53621739  0.13128289]
 [-0.37577834 -0.37707188 -0.84652669]
 [ 0.40441924  0.75517396 -0.51590441]]"
