Simulation,a,b,c,b/a,c/a,c/b,ellipticity,triaxiality,Iterations,Initial Particles,Remaining Particles,Max Radius,r_50,mass,Age Range,Snapshot,Redshift,Center of Mass,Rotation Matrix
m12b_res7100,2.0507555712530388,1.4699965950698466,0.3802978153646855,0.7168073151553889,0.18544278055152058,0.2587065960833846,0.8145572194484794,0.5035022234172181,30,464097,410631,15.281167090836082,5.942225421654507,3056100327.9012218,"[3.090518026382938e-06, 0.49997481184917136]",446,0.30020699,[-0.98757615 -1.07328708  0.41823989],"[[-0.69287024  0.70907611  0.13092712]
 [-0.61575567 -0.48736363 -0.61912975]
 [ 0.375201    0.50959569 -0.77429739]]"
