Simulation,a,b,c,b/a,c/a,c/b,ellipticity,triaxiality,Iterations,Initial Particles,Remaining Particles,Max Radius,r_50,mass,Age Range,Snapshot,Redshift,Center of Mass,Rotation Matrix
m12b_res7100,0.2739059911290677,0.21073304236809876,0.16470016778013183,0.7693626616177186,0.6013018083365806,0.7815583447632345,0.39869819166341935,0.6391885927985497,5,730821,658223,5.6113859726470015,2.304615188379015,4017881925.276072,"[2.1971389649877437e-06, 0.499999461920277]",214,1.5,[ 1.57709242e-16 -1.30172707e-16  1.47695956e-16],"[[-0.9980637   0.00407999 -0.06206615]
 [ 0.00428079  0.99998602 -0.00310263]
 [-0.06205262  0.00336231  0.99806722]]"
