Simulation,a,b,c,b/a,c/a,c/b,ellipticity,triaxiality,Iterations,Initial Particles,Remaining Particles,Max Radius,r_50,mass,Age Range,Snapshot,Redshift,Center of Mass,Rotation Matrix
m12b_res7100,0.3694115146151475,0.19614980740275803,0.15197181726937062,0.5309791374724924,0.4113889558307209,0.7747742364963126,0.5886110441692791,0.8643433845190135,30,2010,1753,1.3559372349392245,0.9661619051148937,9740757.52762935,"[0.0012881094370289503, 0.49941606445597486]",059,5.49484539,[-0.07506449  0.0587299   0.0459703 ],"[[-0.91105436  0.41137959  0.02732745]
 [-0.28804999 -0.58770015 -0.75606596]
 [-0.29496976 -0.69668886  0.65392467]]"
