Simulation,a,b,c,b/a,c/a,c/b,ellipticity,triaxiality,Iterations,Initial Particles,Remaining Particles,Max Radius,r_50,mass,Age Range,Snapshot,Redshift,Center of Mass,Rotation Matrix
m12b_res7100,0.06387451825583451,0.05606834127924799,0.03997681155660479,0.877788871215894,0.6258647837700627,0.7130015021757208,0.3741352162299373,0.3772632510800962,19,892870,800043,2.892414080079639,0.973489269417766,5470680803.31938,"[2.0799485101363757e-05, 0.49999620677564494]",277,1.0,[1.88983287e-16 5.72235573e-17 7.37988547e-17],"[[ 9.99912215e-01 -1.10353559e-03  1.32039425e-02]
 [ 8.77861521e-05  9.97055578e-01  7.66822385e-02]
 [ 1.32496861e-02  7.66743478e-02 -9.96968149e-01]]"
