Simulation,a,b,c,b/a,c/a,c/b,ellipticity,triaxiality,Iterations,Initial Particles,Remaining Particles,Max Radius,r_50,mass,Age Range,Snapshot,Redshift,Center of Mass,Rotation Matrix
m12b_res7100,0.8505888960651621,0.7829416264986764,0.04231575285438192,0.9204700768145186,0.04974877176287543,0.05404713636649827,0.9502512282371246,0.15311378516522708,30,440237,392624,17.401348100090658,6.938541992643611,3099955901.0770216,"[3.1819340775850465e-05, 0.4999998169054907]",600,0.0,[ 0.38220155  0.1371081  -0.17353919],"[[ 0.5795688   0.7197318   0.38221217]
 [-0.81078783  0.5564622   0.18158446]
 [-0.08199451 -0.41513366  0.90605791]]"
