Simulation,a,b,c,b/a,c/a,c/b,ellipticity,triaxiality,Iterations,Initial Particles,Remaining Particles,Max Radius,r_50,mass,Age Range,Snapshot,Redshift,Center of Mass,Rotation Matrix
m12b_res7100,0.45514571085038696,0.3654926138533148,0.02936043378433842,0.8030233069107346,0.0645077676981331,0.08033112755630627,0.9354922323018668,0.35663762763271867,6,376881,334502,13.874150446538614,3.762379119648739,2565045121.38103,"[8.539212511315952e-06, 0.49999904696518627]",382,0.49880669,[ 1.32798248e-15  1.53711358e-15 -1.64363973e-16],"[[-0.99806388 -0.0619234   0.00583011]
 [ 0.06193702 -0.99807767  0.00218493]
 [-0.0056836  -0.0025418  -0.99998062]]"
