Simulation,a,b,c,b/a,c/a,c/b,ellipticity,triaxiality,Iterations,Initial Particles,Remaining Particles,Max Radius,r_50,mass,Age Range,Snapshot,Redshift,Center of Mass,Rotation Matrix
m12b_res7100,0.2757268115679769,0.2016690514456256,0.17096608076112169,0.7314089271869982,0.6200560612473198,0.8477556647169429,0.3799439387526802,0.75551251425161,30,730821,658190,5.6310232517208005,2.3285611006385287,4017462271.631715,"[2.1971389649877437e-06, 0.499999461920277]",214,1.5,[-0.00956416 -0.11189235  0.43432578],"[[ 0.16279336  0.59244679  0.78898994]
 [ 0.10645806  0.78444184 -0.61099729]
 [ 0.9809001  -0.18346064 -0.06463119]]"
