Simulation,a,b,c,b/a,c/a,c/b,ellipticity,triaxiality,Iterations,Initial Particles,Remaining Particles,Max Radius,r_50,mass,Age Range,Snapshot,Redshift,Center of Mass,Rotation Matrix
m12b_res7100,0.20464757552911408,0.19295835769706735,0.12984367204488112,0.9428812298321912,0.6344745189830454,0.672910329433502,0.3655254810169546,0.1857501994933709,6,35564,31912,2.884181044456779,1.484135355730469,181497939.0206176,"[5.251071423550968e-05, 0.49982304902839125]",102,3.50704241,[ 2.21356791e-16 -7.52267221e-17  1.64288244e-17],"[[ 9.99662392e-01 -2.59827223e-02  2.78981385e-05]
 [ 2.59814577e-02  9.99601927e-01 -1.09977707e-02]
 [-2.57864990e-04 -1.09947826e-02 -9.99939522e-01]]"
