Simulation,a,b,c,b/a,c/a,c/b,ellipticity,triaxiality,Iterations,Initial Particles,Remaining Particles,Max Radius,r_50,mass,Age Range,Snapshot,Redshift,Center of Mass,Rotation Matrix
m12b_res7100,0.9650110148788684,0.852181689403801,0.06133657729814071,0.8830797537692042,0.06356049449429331,0.0719759390055103,0.9364395055057066,0.22106322988538038,24,602836,537043,18.154123842468472,7.195318134732856,4082336653.811663,"[-2.0237480469198488e-07, 0.49999833585066744]",534,0.0998249,[ 0.56676406  0.06740527 -0.22197827],"[[-0.92338617 -0.12737493  0.36212374]
 [-0.0464553   0.97349002  0.22396223]
 [ 0.38105102 -0.18998106  0.90482447]]"
