Simulation,a,b,c,b/a,c/a,c/b,ellipticity,triaxiality,Iterations,Initial Particles,Remaining Particles,Max Radius,r_50,mass,Age Range,Snapshot,Redshift,Center of Mass,Rotation Matrix
m12b_res7100,2.03670144416633,1.4709184771926367,0.38268204372401377,0.7222062327327109,0.18789304874316254,0.2601653658293779,0.8121069512568375,0.4959262369791926,6,464097,413861,15.565315630225586,5.584244659053809,3078115004.279653,"[3.090518026382938e-06, 0.49997481184917136]",446,0.30020699,[-4.87528328e-15 -6.62236871e-16  3.26761614e-16],"[[-0.99697773 -0.07760819  0.00351774]
 [ 0.07764073 -0.996928    0.01031842]
 [ 0.00270614  0.01056035  0.99994058]]"
