Simulation,a,b,c,b/a,c/a,c/b,ellipticity,triaxiality,Iterations,Initial Particles,Remaining Particles,Max Radius,r_50,mass,Age Range,Snapshot,Redshift,Center of Mass,Rotation Matrix
m12b_res7100,0.7654092802550337,0.37185837069750294,0.3112884424823501,0.48582945136698635,0.40669541186988095,0.8371155983350852,0.5933045881301191,0.9153735971963134,30,439864,394966,7.568664119753049,3.587522681488484,2307792970.279746,"[1.1448562009519492e-06, 0.49999399175136183]",172,2.0,[-0.0316038   0.29241535  0.06164855],"[[ 0.18518569 -0.19273747 -0.96361742]
 [ 0.62343963 -0.73493921  0.26680964]
 [-0.75962444 -0.65016661 -0.01594005]]"
