Simulation,a,b,c,b/a,c/a,c/b,ellipticity,triaxiality,Iterations,Initial Particles,Remaining Particles,Max Radius,r_50,mass,Age Range,Snapshot,Redshift,Center of Mass,Rotation Matrix
m12b_res7100,0.5912528972607988,0.5110668589747699,0.37683826990066827,0.8643794581683729,0.637355472838295,0.7373561076854561,0.36264452716170503,0.42582943754604063,30,10940,9825,2.4664424930882483,1.8337682587875197,54903040.224946305,"[2.4484464974605658e-05, 0.49998506967047796]",088,4.0,[ 0.20531188  0.00252318 -0.06456498],"[[-0.57267848  0.76433649 -0.29635973]
 [-0.75197511 -0.34582165  0.56119588]
 [-0.32645488 -0.54423994 -0.77280663]]"
