Simulation,a,b,c,b/a,c/a,c/b,ellipticity,triaxiality,Iterations,Initial Particles,Remaining Particles,Max Radius,r_50,mass,Age Range,Snapshot,Redshift,Center of Mass,Rotation Matrix
m12b_res7100,1.1314168851616335,0.9536494278187899,0.06829324454139592,0.8428806749534696,0.06036081433559266,0.07161252610154434,0.9396391856644073,0.29061098797372203,30,504105,447159,15.285836907005068,4.726930280840569,3318117913.709786,"[1.0762849287360154e-06, 0.49999048255738376]",412,0.3986637,[-0.6605175   0.3204671  -0.60884142],"[[ 0.89677002 -0.42997602  0.10451863]
 [-0.16887535 -0.5508847  -0.81731705]
 [ 0.40900445  0.71529481 -0.56662924]]"
