Simulation,a,b,c,b/a,c/a,c/b,ellipticity,triaxiality,Iterations,Initial Particles,Remaining Particles,Max Radius,r_50,mass,Age Range,Snapshot,Redshift,Center of Mass,Rotation Matrix
m12b_res7100,1.7049170063908543,1.0032798317211762,0.116065085430944,0.5884625632569783,0.06807667763056845,0.11568565594688433,0.9319233223694315,0.6567555016962169,30,715303,638025,22.55260607142661,8.421040809637226,4642398794.397811,"[8.69906033340584e-06, 0.49999986514955896]",486,0.20076481,[ 1.26695006 -0.83993628  0.04930801],"[[ 0.82008498  0.53397564  0.20574409]
 [-0.57096055  0.73948641  0.35660047]
 [ 0.038271   -0.40991445  0.91132073]]"
