Simulation,a,b,c,b/a,c/a,c/b,ellipticity,triaxiality,Iterations,Initial Particles,Remaining Particles,Max Radius,r_50,mass,Age Range,Snapshot,Redshift,Center of Mass,Rotation Matrix
m12b_res7100,0.36217123347549623,0.20300530462183766,0.14977524288733365,0.5605229953625585,0.4135481480681075,0.7377897989726818,0.5864518519318924,0.8273006403285925,6,2010,1798,1.3581507093082186,0.9965809039215029,9998235.372840542,"[0.0012881094370289503, 0.49941606445597486]",059,5.49484539,[-6.45166181e-17 -8.24514263e-17 -1.04687343e-17],"[[-0.99760583 -0.01517839  0.06747014]
 [ 0.01454511 -0.99984552 -0.00986754]
 [ 0.06760949 -0.00886255  0.9976725 ]]"
