Simulation,a,b,c,b/a,c/a,c/b,ellipticity,triaxiality,Iterations,Initial Particles,Remaining Particles,Max Radius,r_50,mass,Age Range,Snapshot,Redshift,Center of Mass,Rotation Matrix
m12b_res7100,0.8116929734503049,0.7752958302380594,0.0387492271896878,0.9551589770975467,0.04773877372003662,0.04997992466667802,0.9522612262799633,0.08787158698335487,30,445542,397331,17.912142010012772,6.881313591383082,3127348667.1781015,"[9.146453955308914e-06, 0.49999909017047384]",590,0.0015949,[ 0.28618168 -0.18220849 -0.08674169],"[[-0.7098284   0.5884237   0.38717076]
 [-0.56898625 -0.80301497  0.17726143]
 [ 0.41520874 -0.09446964  0.90480782]]"
