Simulation,a,b,c,b/a,c/a,c/b,ellipticity,triaxiality,Iterations,Initial Particles,Remaining Particles,Max Radius,r_50,mass,Age Range,Snapshot,Redshift,Center of Mass,Rotation Matrix
m12b_res7100,0.20494213708225587,0.19308106336154487,0.12957465002989726,0.9421247680463564,0.632249921244312,0.6710893744523685,0.367750078755688,0.18725371420551593,12,35564,31903,2.885012807899503,1.4820558257165708,181448029.65551847,"[5.251071423550968e-05, 0.49982304902839125]",102,3.50704241,[0.00960418 0.19231754 0.09194261],"[[ 0.67547793 -0.73712485 -0.01940424]
 [ 0.63009573  0.56333082  0.5344509 ]
 [ 0.38302603  0.37323631 -0.84497675]]"
