Simulation,a,b,c,b/a,c/a,c/b,ellipticity,triaxiality,Iterations,Initial Particles,Remaining Particles,Max Radius,r_50,mass,Age Range,Snapshot,Redshift,Center of Mass,Rotation Matrix
m12b_res7100,0.5929112920727863,0.3910278387364916,0.336717900421043,0.6595047926469391,0.5679060340441403,0.8611097908247721,0.4320939659558597,0.834048453246219,15,70670,63527,3.668292526208038,2.4716544784731136,362032339.46464854,"[1.635159789614704e-05, 0.49998258214363744]",120,3.0,[ 0.20675012 -0.11724114 -0.41543368],"[[ 0.83271639 -0.06911747 -0.54936891]
 [ 0.51328939 -0.27572429  0.81271773]
 [-0.20764734 -0.95874861 -0.19412288]]"
