Simulation,a,b,c,b/a,c/a,c/b,ellipticity,triaxiality,Iterations,Initial Particles,Remaining Particles,Max Radius,r_50,mass,Age Range,Snapshot,Redshift,Center of Mass,Rotation Matrix
m12b_res7100,0.4258796494965281,0.27366792492676173,0.23294538490441535,0.6425945105625263,0.5469746797711553,0.8511972492456161,0.4530253202288447,0.8376949634124028,30,8929,7954,1.8552473427256893,1.1956519868358222,45605333.98642051,"[0.04048314504096773, 0.4874225784602153]",067,5.0,[ 1.24990715e-16 -8.18121046e-17 -4.99962862e-17],"[[-0.99194756 -0.09902963  0.07895049]
 [-0.12294514  0.60327647 -0.78799873]
 [ 0.03040625 -0.79135999 -0.61059383]]"
