Simulation,a,b,c,b/a,c/a,c/b,ellipticity,triaxiality,Iterations,Initial Particles,Remaining Particles,Max Radius,r_50,mass,Age Range,Snapshot,Redshift,Center of Mass,Rotation Matrix
m12b_res7100,1.6339609170055804,1.0651649260745697,0.11406920070132398,0.6518913120802214,0.06981146214339617,0.10709064663037757,0.9301885378566038,0.5778539695972131,8,715303,637865,21.914643802537636,7.773591075167674,4644203057.097068,"[8.69906033340584e-06, 0.49999986514955896]",486,0.20076481,[-2.00936628e-15  1.27028903e-15 -5.88230431e-16],"[[-0.99876361 -0.03817097  0.03184708]
 [-0.03850082  0.99921042 -0.00980889]
 [-0.03144752 -0.0110229  -0.99944462]]"
