Simulation,a,b,c,b/a,c/a,c/b,ellipticity,triaxiality,Iterations,Initial Particles,Remaining Particles,Max Radius,r_50,mass,Age Range,Snapshot,Redshift,Center of Mass,Rotation Matrix
m12b_res7100,0.6277329597456341,0.5009725100204975,0.3620905367906836,0.798066283190703,0.5768225662985859,0.7227752612131723,0.42317743370141414,0.5441381919612899,6,10940,9822,2.626765035099969,1.860243529590765,54899119.93030341,"[2.4484464974605658e-05, 0.49998506967047796]",088,4.0,[-6.84101361e-17  1.63424214e-16 -4.96448557e-17],"[[-0.99954522 -0.01231722 -0.0275252 ]
 [ 0.01227819 -0.99992336  0.00158628]
 [ 0.02754263 -0.0012476  -0.99961985]]"
