Simulation,a,b,c,b/a,c/a,c/b,ellipticity,triaxiality,Iterations,Initial Particles,Remaining Particles,Max Radius,r_50,mass,Age Range,Snapshot,Redshift,Center of Mass,Rotation Matrix
m12b_res7100,0.1326848754703227,0.10152461535204398,0.08312835279647131,0.765155900340365,0.6265096342127134,0.818799977800632,0.37349036578728656,0.6823806108091884,30,882662,790888,3.5638248005416453,0.9526054048855546,5643602815.427263,"[1.167708677307644e-06, 0.4999940795015414]",294,0.89728099,[6.43933926e-16 4.08696071e-16 9.62336679e-17],"[[-0.99868472  0.03504177  0.03742856]
 [-0.05111784 -0.73707092 -0.67387939]
 [ 0.00397358 -0.67490632  0.73789273]]"
