Simulation,a,b,c,b/a,c/a,c/b,ellipticity,triaxiality,Iterations,Initial Particles,Remaining Particles,Max Radius,r_50,mass,Age Range,Snapshot,Redshift,Center of Mass,Rotation Matrix
m12b_res7100,0.9577711134130616,0.8469120306125874,0.06218476108262395,0.8842530524799158,0.06492653642583318,0.07342528956359794,0.9350734635741669,0.21901980735091423,4,602836,537100,17.79786622680453,7.199287958683658,4082716244.7087517,"[-2.0237480469198488e-07, 0.49999833585066744]",534,0.0998249,[1.99712647e-15 2.36501819e-16 3.00964988e-16],"[[-9.99140293e-01  4.12144574e-02  4.47708542e-03]
 [ 4.12123623e-02  9.99150253e-01 -5.59262486e-04]
 [ 4.49633073e-03  3.74270418e-04  9.99989821e-01]]"
