Simulation,a,b,c,b/a,c/a,c/b,ellipticity,triaxiality,Iterations,Initial Particles,Remaining Particles,Max Radius,r_50,mass,Center of Mass,Rotation Matrix
object_104,2.2887119261556235,2.1688681802778413,1.31153970525977,0.9476370335173264,0.5730470883082165,0.6047115805312594,0.4269529116917835,0.1518485199977601,6,263328,232597,38.173523725605364,4.687366373105209,12424715027.444921,[ 0.67683013 -0.15272707  0.04384706],"[[ 0.04622    -0.26078394  0.96429013]
 [-0.98546397 -0.16987965  0.00129241]
 [-0.16347623  0.95033291  0.26484501]]"
