Simulation,a,b,c,b/a,c/a,c/b,ellipticity,triaxiality,Iterations,Initial Particles,Remaining Particles,Max Radius,r_50,mass,Center of Mass,Rotation Matrix
object_321,2.451889635818355,1.7027850965894757,1.2365129832165171,0.6944786876678264,0.5043102124797768,0.7261708983083893,0.4956897875202232,0.6942729526339041,16,26017,2810,12.468780438156728,12.468780438156728,125339773.53663068,[-5.99770545  2.88706488 -4.87778633],"[[-0.86454032 -0.45137987  0.22096665]
 [-0.49416997  0.84354407 -0.21030799]
 [ 0.09146632  0.29101481  0.95233623]]"
