Simulation,a,b,c,b/a,c/a,c/b,ellipticity,triaxiality,Iterations,Initial Particles,Remaining Particles,Max Radius,r_50,mass,Center of Mass,Rotation Matrix
object_143_2,3.3156852397903527,2.7765329191590222,1.3928111091216926,0.837393394837014,0.42006734909787713,0.5016368073689391,0.5799326509021229,0.36278876647119207,5,170303,36917,12.160247959663742,6.029433072213063,1781790445.9223573,[ 13.63602197  81.1215753  -53.38442893],"[[ 0.01369064 -0.99915705 -0.03870074]
 [ 0.83456356  0.03273632 -0.54993818]
 [-0.55074153  0.02476922 -0.83430825]]"
