Simulation,a,b,c,b/a,c/a,c/b,ellipticity,triaxiality,Iterations,Initial Particles,Remaining Particles,Max Radius,r_50,mass,Center of Mass,Rotation Matrix
object_321,2.3889113773839656,1.6890937759785727,1.2295207352910107,0.7070558548003799,0.5146782534216178,0.7279173914300232,0.48532174657838223,0.6802717121107865,30,26017,2465,8.737415861267928,4.600688049216941,110331101.77831927,[-5.92590561 -7.04729241 -4.83547353],"[[-0.87936366 -0.47271214 -0.0571208 ]
 [-0.45077298  0.78784196  0.41965315]
 [-0.15337298  0.39477625 -0.90588545]]"
