Simulation,a,b,c,b/a,c/a,c/b,ellipticity,triaxiality,Iterations,Initial Particles,Remaining Particles,Max Radius,r_50,mass,Center of Mass,Rotation Matrix
object_104_1,2.294445256342139,2.1746404883193,1.3199532243734635,0.9477848653430786,0.5752820734009428,0.6069753743036428,0.42471792659905716,0.15201220767429172,6,263328,206532,9.665364568176656,4.262434918812597,11189322025.583261,[ 0.67954388 -0.15387118  0.04374192],"[[ 4.62224414e-02 -2.60464257e-01  9.64376408e-01]
 [-9.85234441e-01 -1.71207866e-01  9.81371551e-04]
 [-1.64853215e-01  9.50182213e-01  2.64532002e-01]]"
