Simulation,a,b,c,b/a,c/a,c/b,ellipticity,triaxiality,Iterations,Initial Particles,Remaining Particles,Max Radius,r_50,mass,Center of Mass,Rotation Matrix
object_398,10.041897045218908,4.896270729255211,2.2748457342948494,0.4875842390344359,0.22653545680175402,0.4646078332030639,0.773464543198246,0.8034956513254293,5,22298,20005,31.29195938141951,17.483848783771833,944485046.5979297,[-6.09643693  2.37137505  2.59313965],"[[ 0.96131276  0.180767    0.20784865]
 [-0.2368768   0.15736242  0.95871083]
 [ 0.14059571 -0.97085548  0.19409401]]"
