Simulation,a,b,c,b/a,c/a,c/b,ellipticity,triaxiality,Iterations,Initial Particles,Remaining Particles,Max Radius,r_50,mass,Center of Mass,Rotation Matrix
object_104,8.690561313977943,5.464034986261279,4.622786492081064,0.6287321139398553,0.5319318655108907,0.8460389627270978,0.46806813448910933,0.8433124634538587,30,263328,14,7.320434577377307,7.320434577377307,628573.1495713929,[ -6.11860492   0.38964856 -20.58966623],"[[-0.67971983  0.09611412  0.72714719]
 [-0.14161487 -0.98992065 -0.00153076]
 [-0.71967088  0.10401535 -0.68647988]]"
