Simulation,a,b,c,b/a,c/a,c/b,ellipticity,triaxiality,Iterations,Initial Particles,Remaining Particles,Max Radius,r_50,mass,Center of Mass,Rotation Matrix
object_104,2.3223072723027833,2.185982198645574,1.3561895114213312,0.9412975727703636,0.5839836646924604,0.6204028158425173,0.41601633530753956,0.17293666832618798,6,263328,206856,9.696546124895098,4.245870776334459,11204448541.227297,[ 0.69430126 -0.19232186  0.04194478],"[[ 0.00922038 -0.27901604 -0.96024218]
 [-0.98561831 -0.16457618  0.03835659]
 [-0.16873509  0.94607861 -0.27652077]]"
