Simulation,a,b,c,b/a,c/a,c/b,ellipticity,triaxiality,Iterations,Initial Particles,Remaining Particles,Max Radius,r_50,mass,Center of Mass,Rotation Matrix
object_51_1,1.6741027841033536,1.623388755542669,0.8847577385823262,0.9697067414006799,0.5284966651890498,0.5450066939059018,0.4715033348109502,0.08279389214428143,6,966384,662603,10.824069407141433,2.7794090535505025,37406339537.3791,[-0.07100772  0.17345791 -0.15140777],"[[ 0.52963043  0.80139355 -0.27795681]
 [ 0.84100523 -0.45345166  0.2951132 ]
 [ 0.11046184 -0.39006406 -0.91413796]]"
