Simulation,a,b,c,b/a,c/a,c/b,ellipticity,triaxiality,Iterations,Initial Particles,Remaining Particles,Max Radius,r_50,mass,Center of Mass,Rotation Matrix
object_104,2.97529436621023,2.3397857030441362,1.93463092835834,0.7864047771597233,0.6502317721330441,0.8268410760187667,0.34976822786695594,0.661067955395617,21,263328,26400,14.150795409132202,4.87929277855611,1269945608.1319792,[-8.83778973  1.72865256  0.39944845],"[[ 0.70238905  0.19664381 -0.68409125]
 [ 0.37218505 -0.92069304  0.1174845 ]
 [ 0.60673545  0.33712836  0.7198726 ]]"
