Simulation,a,b,c,b/a,c/a,c/b,ellipticity,triaxiality,Iterations,Initial Particles,Remaining Particles,Max Radius,r_50,mass,Center of Mass,Rotation Matrix
object_90,5.22172815803137,4.349989855587459,1.6018261768748265,0.8330555946113131,0.30676169428910427,0.36823676147596496,0.6932383057108957,0.3378069333176369,7,264644,143584,19.47635601593693,9.452451527794715,7167610280.961281,[-1.11516464  1.38523622 -1.25602905],"[[ 0.57267531  0.42091893  0.70347015]
 [-0.57005035  0.82115693 -0.02727441]
 [ 0.5891397   0.38539403 -0.71020128]]"
