Simulation,a,b,c,b/a,c/a,c/b,ellipticity,triaxiality,Iterations,Initial Particles,Remaining Particles,Max Radius,r_50,mass,Center of Mass,Rotation Matrix
object_284_3,3.0236321462139637,2.3155754615290562,1.5071477091964567,0.7658257848688705,0.498456041051035,0.6508739336014702,0.501543958948965,0.550216888737123,6,16542,3257,11.15082405481464,5.262699442488482,148914237.40984136,[-24.41231055 -49.33114273  74.77820348],"[[ 0.47032307 -0.86231961 -0.18761959]
 [-0.8722928  -0.42202557 -0.24698115]
 [ 0.13379642  0.27982015 -0.95068354]]"
