Simulation,a,b,c,b/a,c/a,c/b,ellipticity,triaxiality,Iterations,Initial Particles,Remaining Particles,Max Radius,r_50,mass,Center of Mass,Rotation Matrix
object_51,3.705060356254911,3.6057517671922175,2.3956565913193684,0.973196498973346,0.6465904360437753,0.6643986458293704,0.3534095639562247,0.09088620591910924,7,966384,188647,16.48307912238826,6.110208380194052,9821796838.838465,[-7.86002003 -0.32385915  3.16681706],"[[-0.59087653 -0.50775915 -0.62693347]
 [-0.11894693  0.82343562 -0.55480213]
 [-0.79794521  0.25324774  0.54694517]]"
