Simulation,a,b,c,b/a,c/a,c/b,ellipticity,triaxiality,Iterations,Initial Particles,Remaining Particles,Max Radius,r_50,mass,Center of Mass,Rotation Matrix
object_239_1,3.867803463951994,3.6058227227941275,1.2531651737036587,0.9322662737133538,0.3239991859418875,0.34753931905243235,0.6760008140581125,0.1462301767984822,5,238754,177406,15.161377951258478,7.240571273965637,9082292385.330923,[1.13614208 1.70492255 0.88891745],"[[-0.77583    -0.34754159 -0.52659533]
 [ 0.21053786 -0.92938201  0.30318787]
 [-0.59477863  0.12435399  0.79421311]]"
