Simulation,a,b,c,b/a,c/a,c/b,ellipticity,triaxiality,Iterations,Initial Particles,Remaining Particles,Max Radius,r_50,mass,Age Range,Snapshot,Redshift,Center of Mass,Rotation Matrix
m12m_res7100,0.38318403648665905,0.22509222366629322,0.19138314346798324,0.5874258899982386,0.49945489698041334,0.8502432485260583,0.5005451030195867,0.8726072296108817,23,15875,14260,1.7431990746772672,1.3833378349542425,77694172.78905621,"[12.255127777031067, 13.575876076993126]",088,4.0,[-0.17901091 -0.10740221  0.16430163],"[[-0.49741555  0.12080134  0.85906042]
 [-0.33256005  0.88805231 -0.31743804]
 [ 0.80123753  0.44358779  0.40155733]]"
