Simulation,a,b,c,b/a,c/a,c/b,ellipticity,triaxiality,Iterations,Initial Particles,Remaining Particles,Max Radius,r_50,mass,Age Range,Snapshot,Redshift,Center of Mass,Rotation Matrix
m12m_res7100,0.4489459876350906,0.3519358821181715,0.30620544449425297,0.783915864739234,0.682054084294748,0.8700603151100024,0.317945915705252,0.7207821848900254,30,49653,44607,3.10785413568867,1.8138637919902472,242334878.6594119,"[11.652567914720661, 13.575876076993126]",120,3.0,[-0.03594039 -0.00398279  0.05091815],"[[ 0.30974785 -0.5960059  -0.7408328 ]
 [-0.93046286 -0.35036403 -0.10716297]
 [-0.19569141  0.72251091 -0.66308586]]"
