Simulation,a,b,c,b/a,c/a,c/b,ellipticity,triaxiality,Iterations,Initial Particles,Remaining Particles,Max Radius,r_50,mass,Age Range,Snapshot,Redshift,Center of Mass,Rotation Matrix
m12m_res7100,0.8944714435293208,0.8433148616034585,0.28600584840976406,0.9428080322788019,0.31974843968329414,0.3391447980247371,0.6802515603167059,0.12376681797917158,16,15641418,13916210,16.3979752987093,6.606436044169877,85868159611.85988,"[3.526423325127056, 13.58187272735528]",446,0.30020699,[-0.0036671   0.06933965 -0.15001792],"[[-0.02442659 -0.31834504 -0.94766016]
 [-0.28904554  0.90970467 -0.29814441]
 [ 0.95700366  0.2666343  -0.1142372 ]]"
