Simulation,a,b,c,b/a,c/a,c/b,ellipticity,triaxiality,Iterations,Initial Particles,Remaining Particles,Max Radius,r_50,mass,Age Range,Snapshot,Redshift,Center of Mass,Rotation Matrix
m12m_res7100,0.7087770408936003,0.44483483597826007,0.3207668305921873,0.6276089804170696,0.4525637994534588,0.7210919753772697,0.5474362005465412,0.7622203635890625,30,7742,6893,2.6276728105749023,2.153905239756108,38319711.90234163,"[12.009423088539942, 13.394699788768762]",102,3.50704241,[ 0.06257275 -0.08873817 -0.16810911],"[[-0.09427928 -0.69128034 -0.71640974]
 [ 0.23220103  0.68449846 -0.69104598]
 [ 0.96808786 -0.2315024   0.09598198]]"
