Simulation,a,b,c,b/a,c/a,c/b,ellipticity,triaxiality,Iterations,Initial Particles,Remaining Particles,Max Radius,r_50,mass,Age Range,Snapshot,Redshift,Center of Mass,Rotation Matrix
m12m_res7100,0.904074845768381,0.6742498775109697,0.4062999422498617,0.7457898874931299,0.44940963035482295,0.602595500276159,0.550590369645177,0.5561155550731276,30,19422269,17355369,22.086897752006386,8.13361238509823,108062258974.13388,"[1.341078056374628, 13.582327202319707]",534,0.0998249,[ 0.05525694  0.01915347 -0.21722862],"[[ 0.97171431  0.08446056 -0.22053961]
 [-0.17710886 -0.35710916 -0.91711804]
 [ 0.15621702 -0.93023624  0.33204937]]"
