Simulation,a,b,c,b/a,c/a,c/b,ellipticity,triaxiality,Iterations,Initial Particles,Remaining Particles,Max Radius,r_50,mass,Age Range,Snapshot,Redshift,Center of Mass,Rotation Matrix
m12m_res7100,0.9778014513265081,0.9506755753668293,0.26880447299371574,0.9722582985299529,0.27490700962761855,0.2827510035587002,0.7250929903723815,0.05918677415696923,30,20868610,18533279,16.263550594548782,6.448262781937928,116372989496.47743,"[3.955918612231278e-05, 13.582780730134264]",600,0.0,[ 0.08658714 -0.05025596 -0.12773812],"[[ 0.52846086  0.24181182 -0.81379123]
 [-0.82995588  0.34882952 -0.43530587]
 [-0.1786123  -0.90545293 -0.38503589]]"
