Simulation,a,b,c,b/a,c/a,c/b,ellipticity,triaxiality,Iterations,Initial Particles,Remaining Particles,Max Radius,r_50,mass,Age Range,Snapshot,Redshift,Center of Mass,Rotation Matrix
m12f_res7100,0.6459260394398153,0.5548112134706662,0.07787796241525217,0.8589392277045075,0.12056792521136396,0.14036840014115848,0.879432074788636,0.26609147498883595,10,744748,664138,18.612627601691553,5.631044572547378,4843188671.787078,"[-2.7898139531856714e-07, 0.4999754503244809]",382,0.49880669,[ 8.58370550e-16  6.09166196e-16 -6.47931318e-16],"[[ 0.99945567  0.02452619 -0.02206425]
 [-0.02442883  0.99969066  0.0046716 ]
 [-0.022172    0.00413006 -0.99974564]]"
