Simulation,a,b,c,b/a,c/a,c/b,ellipticity,triaxiality,Iterations,Initial Particles,Remaining Particles,Max Radius,r_50,mass,Age Range,Snapshot,Redshift,Center of Mass,Rotation Matrix
m12f_res7100,0.8098396855942276,0.7156635102393378,0.36638808615703033,0.8837101008630034,0.45242051318859433,0.5119558017349521,0.5475794868114057,0.27543334470701053,8,473026,425777,6.6341183295035595,2.8922901468365163,2547678033.6845436,"[2.2337568044150657e-05, 0.499999461920277]",214,1.5,[-1.71037826e-17  4.53908076e-16  1.10352290e-16],"[[ 0.99923687  0.03738145 -0.01132731]
 [-0.03728499  0.99926757  0.00861071]
 [-0.01164089  0.0081818  -0.99989877]]"
