Simulation,a,b,c,b/a,c/a,c/b,ellipticity,triaxiality,Iterations,Initial Particles,Remaining Particles,Max Radius,r_50,mass,Age Range,Snapshot,Redshift,Center of Mass,Rotation Matrix
m12f_res7100,0.4100988326230374,0.3476997444498902,0.14319115686931333,0.8478437800614166,0.3491625566292078,0.41182416482894413,0.6508374433707922,0.3201976592415776,6,574020,515025,5.140232757876374,2.0935684662057983,3527799634.1924777,"[4.093194948318057e-06, 0.49999939353664935]",294,0.89728099,[ 2.20447057e-16 -4.73201010e-16 -1.02503130e-16],"[[-0.99980947  0.01869     0.00563123]
 [ 0.01865688  0.99980867 -0.00587739]
 [-0.00574001 -0.00577121 -0.99996687]]"
