Simulation,a,b,c,b/a,c/a,c/b,ellipticity,triaxiality,Iterations,Initial Particles,Remaining Particles,Max Radius,r_50,mass,Age Range,Snapshot,Redshift,Center of Mass,Rotation Matrix
m12f_res7100,0.6430279621581579,0.5566785150195382,0.0779665441011902,0.8657143200292411,0.12124907265232378,0.1400566790303623,0.8787509273476762,0.2542769270495992,17,744748,663697,17.857391106396747,5.553977186148195,4842567634.946437,"[-2.7898139531856714e-07, 0.4999754503244809]",382,0.49880669,[-0.13390812  0.03881501 -0.2815539 ],"[[ 0.43032096  0.72750749  0.53437508]
 [-0.07356034 -0.56175854  0.8240244 ]
 [ 0.89967369 -0.39390378 -0.18822077]]"
