Simulation,a,b,c,b/a,c/a,c/b,ellipticity,triaxiality,Iterations,Initial Particles,Remaining Particles,Max Radius,r_50,mass,Age Range,Snapshot,Redshift,Center of Mass,Rotation Matrix
m12f_res7100,0.16308291372422076,0.11084595272786242,0.09045442452232587,0.6796907793498651,0.5546529826863876,0.8160372327206232,0.44534701731361237,0.7770818519351204,7,2639,2369,1.3150956737307136,0.4781157176580552,13266957.589271791,"[0.027768583024700533, 0.49455223759286326]",067,5.0,[-8.31426829e-18  1.20094986e-17  2.50390348e-17],"[[ 0.99986553  0.01332917 -0.00955276]
 [-0.01346118  0.99981291 -0.0138901 ]
 [ 0.00936583  0.01401683  0.99985789]]"
