Simulation,a,b,c,b/a,c/a,c/b,ellipticity,triaxiality,Iterations,Initial Particles,Remaining Particles,Max Radius,r_50,mass,Age Range,Snapshot,Redshift,Center of Mass,Rotation Matrix
m12f_res7100,2.7649225743647166,2.0304064017576167,0.12261213494615843,0.7343447590839443,0.04434559436961104,0.06038797692916035,0.955654405630389,0.46164561556157485,30,513387,453949,30.476685532109553,14.71728229583414,3659539824.0792184,"[5.1598905386653974e-06, 0.4999945623943306]",600,0.0,[-0.15235757  0.10047882  1.82341149],"[[ 0.02256476  0.8622615   0.50596041]
 [-0.02084363 -0.50557351  0.86253172]
 [-0.99952808  0.03000887 -0.00656451]]"
