Simulation,a,b,c,b/a,c/a,c/b,ellipticity,triaxiality,Iterations,Initial Particles,Remaining Particles,Max Radius,r_50,mass,Age Range,Snapshot,Redshift,Center of Mass,Rotation Matrix
m12f_res7100,0.34135146196843397,0.29560224524980905,0.19881496660128795,0.8659762098137563,0.582434788633403,0.6725759692159049,0.41756521136659697,0.3784755832576254,30,704560,631652,6.6585806093703,2.3766175461022048,4118190058.786786,"[4.837090378018161e-06, 0.49999620677564494]",277,1.0,[-0.01426598 -0.02941852 -0.09901473],"[[ 0.58560485 -0.39310722  0.7088961 ]
 [-0.35661764 -0.91029737 -0.21019646]
 [ 0.727936   -0.12971279 -0.67326352]]"
