Simulation,a,b,c,b/a,c/a,c/b,ellipticity,triaxiality,Iterations,Initial Particles,Remaining Particles,Max Radius,r_50,mass,Age Range,Snapshot,Redshift,Center of Mass,Rotation Matrix
m12f_res7100,0.12523233156001984,0.0825331116921003,0.0796435774297638,0.6590399672671177,0.6359665785795355,0.9649893939160291,0.36403342142046446,0.9498272782445984,30,2536,2250,0.9751400669493301,0.37198076355257276,12829540.769646747,"[0.07077329851912673, 0.4910127475814594]",059,5.49484539,[ 0.02795386 -0.02220843  0.04309213],"[[-0.0152065  -0.2595515   0.96560954]
 [ 0.44527904 -0.86643203 -0.22588074]
 [ 0.89526272  0.42653083  0.12874824]]"
