Simulation,a,b,c,b/a,c/a,c/b,ellipticity,triaxiality,Iterations,Initial Particles,Remaining Particles,Max Radius,r_50,mass,Age Range,Snapshot,Redshift,Center of Mass,Rotation Matrix
m12f_res7100,0.8529659933095219,0.8191719039364784,0.056007634493375966,0.9603804962470756,0.06566221271737392,0.06837103936821422,0.9343377872826261,0.0780056257256417,30,536309,473482,21.249638168054705,7.748782573316967,3949096274.9986753,"[8.69906033340584e-06, 0.4999970314744058]",486,0.20076481,[ 0.37946059 -0.23190603  0.42110441],"[[ 0.37336076 -0.77897267 -0.50378897]
 [-0.08069375  0.5137311  -0.85414804]
 [ 0.92417004  0.35955798  0.12894881]]"
