Simulation,a,b,c,b/a,c/a,c/b,ellipticity,triaxiality,Iterations,Initial Particles,Remaining Particles,Max Radius,r_50,mass,Age Range,Snapshot,Redshift,Center of Mass,Rotation Matrix
m12f_res7100,0.41470118874148687,0.3325221308009741,0.14806529195561993,0.8018354898139901,0.35704091518271414,0.4452795114687933,0.6429590848172859,0.4092274295725684,30,574020,514940,5.212791277512259,2.1416793203402524,3527111019.393814,"[4.093194948318057e-06, 0.49999939353664935]",294,0.89728099,[ 0.01240158  0.07527778 -0.07663226],"[[ 0.03186633 -0.12064333 -0.99218432]
 [ 0.78636311 -0.60971631  0.09939354]
 [-0.61694213 -0.78338445  0.07544005]]"
