Simulation,a,b,c,b/a,c/a,c/b,ellipticity,triaxiality,Iterations,Initial Particles,Remaining Particles,Max Radius,r_50,mass,Age Range,Snapshot,Redshift,Center of Mass,Rotation Matrix
m12f_res7100,1.9199966229178809,1.56272054070279,0.08910405339437243,0.8139183798812485,0.04640844277057015,0.057018546229833496,0.9535915572294299,0.3382654078353115,30,509321,450541,31.010835018625496,13.880542381720403,3628510127.939007,"[3.410726577893902e-05, 0.4999947078472057]",590,0.0015949,[-0.30068199  0.19103055  1.88671237],"[[-0.0010402   0.84296487  0.5379676 ]
 [-0.03329734 -0.53769878  0.84247926]
 [ 0.99944495 -0.01703654  0.0286278 ]]"
