Simulation,a,b,c,b/a,c/a,c/b,ellipticity,triaxiality,Iterations,Initial Particles,Remaining Particles,Max Radius,r_50,mass,Age Range,Snapshot,Redshift,Center of Mass,Rotation Matrix
m12f_res7100,0.9521819717343334,0.8903936504288731,0.08207676509978004,0.9351087049118173,0.08619861280326796,0.09218031267433947,0.9138013871967321,0.12651171746871462,21,705051,625296,19.031730265913357,6.993482883637456,4762957574.309342,"[6.8996699020829055e-06, 0.49997191972141497]",412,0.3986637,[ 0.65439822 -0.34442541  0.08922344],"[[ 0.74492759  0.48025618  0.4630733 ]
 [-0.45758178 -0.13731238  0.87850112]
 [-0.4854913   0.86631363 -0.1174687 ]]"
