Simulation,a,b,c,b/a,c/a,c/b,ellipticity,triaxiality,Iterations,Initial Particles,Remaining Particles,Max Radius,r_50,mass,Age Range,Snapshot,Redshift,Center of Mass,Rotation Matrix
m12f_res7100,0.855882698111002,0.2974312970987796,0.2615273266505141,0.34751409013785767,0.3055644508619285,0.8792865081836312,0.6944355491380715,0.9697821623563099,30,25525,22736,2.8987836406535634,1.7063372033055493,136323021.41148174,"[4.252212866262539e-06, 0.49999715731118677]",088,4.0,[-0.28182941 -0.15984579  0.38083563],"[[ 0.70448678  0.70440783 -0.08664858]
 [ 0.28435501 -0.39200904 -0.87491207]
 [-0.65026195  0.59172503 -0.47646709]]"
