Simulation,a,b,c,b/a,c/a,c/b,ellipticity,triaxiality,Iterations,Initial Particles,Remaining Particles,Max Radius,r_50,mass,Age Range,Snapshot,Redshift,Center of Mass,Rotation Matrix
m12f_res7100,0.2163269431041002,0.15118680813376384,0.1320500112980453,0.6988810823301386,0.6104186995999874,0.8734228397838316,0.3895813004000126,0.8153876201943498,30,2542,2266,1.0144597356222715,0.6391923240803491,12831983.211919237,"[0.0463370017004916, 0.499564362286371]",041,7.0,[-0.01791941 -0.00759408  0.09944953],"[[-0.78379309 -0.2965749  -0.54562966]
 [-0.00410551  0.88105479 -0.4729964 ]
 [-0.62100848  0.36849122  0.69178225]]"
