Simulation,a,b,c,b/a,c/a,c/b,ellipticity,triaxiality,Iterations,Initial Particles,Remaining Particles,Max Radius,r_50,mass,Age Range,Snapshot,Redshift,Center of Mass,Rotation Matrix
m12f_res7100,0.8055074273693069,0.7765617663860852,0.06054223749950846,0.9640653084009978,0.07516037151542145,0.07796190865957277,0.9248396284845786,0.07097904755832944,4,628473,557174,19.70420331261322,6.884451347452962,4427711921.628513,"[5.001278226668404e-06, 0.4999979629361495]",446,0.30020699,[-7.57195159e-16  1.82029716e-15 -3.07799832e-16],"[[-9.11930692e-01  4.10320731e-01 -4.39447115e-03]
 [ 4.10322982e-01  9.11940171e-01  4.17865910e-04]
 [-4.17895382e-03  1.42208776e-03  9.99990257e-01]]"
