Simulation,a,b,c,b/a,c/a,c/b,ellipticity,triaxiality,Iterations,Initial Particles,Remaining Particles,Max Radius,r_50,mass,Age Range,Snapshot,Redshift,Center of Mass,Rotation Matrix
m12f_res7100,0.8750376101220795,0.820152418538336,0.20486366659244912,0.9372767627941315,0.23411984150471873,0.24978731021430656,0.7658801584952812,0.12855885052071706,30,449784,397786,14.871475789055484,3.4597311382078337,2884941221.108931,"[7.971032778719689e-06, 0.4999827224584825]",332,0.70189703,[ 0.26192699 -0.46749428 -0.01034627],"[[ 0.67607809 -0.095648   -0.73059556]
 [-0.72527552  0.08852118 -0.68274404]
 [-0.12997629 -0.99147136  0.00952392]]"
