Simulation,a,b,c,b/a,c/a,c/b,ellipticity,triaxiality,Iterations,Initial Particles,Remaining Particles,Max Radius,r_50,mass,Age Range,Snapshot,Redshift,Center of Mass,Rotation Matrix
m12f_res7100,1.0709300096231076,0.6601495886552532,0.5157345860130336,0.6164264543185036,0.4815763694907906,0.7812389720087567,0.5184236305092094,0.8072271583445494,30,40583,36348,5.074459169293716,2.8151058146947725,209695575.66602886,"[3.745651154041241e-05, 0.499674639744935]",120,3.0,[ 0.93339676  0.13367221 -0.53285887],"[[-0.80359554 -0.12024472 -0.58290258]
 [-0.19968021 -0.86814618  0.45436772]
 [ 0.56067996 -0.48152198 -0.67362791]]"
