Simulation,a,b,c,b/a,c/a,c/b,ellipticity,triaxiality,Iterations,Initial Particles,Remaining Particles,Max Radius,r_50,mass,Age Range,Snapshot,Redshift,Center of Mass,Rotation Matrix
m12f_res7100,1.2677160673943206,0.7639260269696352,0.6059508772060239,0.6026002561755159,0.47798627215595907,0.7932062213009395,0.5220137278440409,0.8254684259492128,30,699941,629209,7.976563266633685,4.013923438171145,3666299141.6830845,"[1.1448562009519492e-06, 0.4999997365560507]",172,2.0,[-0.17074434 -0.30970332 -0.14105191],"[[ 0.62841447  0.39296595 -0.67132184]
 [ 0.73766843 -0.02717002  0.67461625]
 [ 0.24686139 -0.91915154 -0.30695261]]"
