Simulation,a,b,c,b/a,c/a,c/b,ellipticity,triaxiality,Iterations,Initial Particles,Remaining Particles,Max Radius,r_50,mass,Age Range,Snapshot,Redshift,Center of Mass,Rotation Matrix
m12f_res7100,0.7904233870368003,0.6860526153702866,0.3142346325415618,0.8679558659596514,0.39755229626945715,0.4580328469004646,0.6024477037305429,0.2929532377583448,26,28718,25738,3.087025663666297,2.2444793481550427,147872232.08095527,"[5.343760349774129e-06, 0.4997033953318386]",102,3.50704241,[-0.47015638 -0.17116127 -0.18628213],"[[-0.191108    0.88402417  0.42658996]
 [-0.68961248  0.18834916 -0.69925619]
 [-0.69850724 -0.42781522  0.57363907]]"
