Simulation,a,b,c,b/a,c/a,c/b,ellipticity,triaxiality,Iterations,Initial Particles,Remaining Particles,Max Radius,r_50,mass,Age Range,Snapshot,Redshift,Center of Mass,Rotation Matrix
m12r_res7100,0.41320089782278974,0.29945601425171003,0.2855435523756855,0.724722564325449,0.6910525942229369,0.9535408834222635,0.30894740577706314,0.9087578835113221,30,809144,725702,8.094514902545388,2.5535467757100974,3923336847.6734447,"[7.9332534318628, 13.572558682677354]",277,1.0,[-0.00444288 -0.02408579  0.04660328],"[[-0.1981468   0.4637517  -0.86352314]
 [ 0.57801189  0.76678999  0.27916907]
 [ 0.79160603 -0.44381018 -0.41999098]]"
