Simulation,a,b,c,b/a,c/a,c/b,ellipticity,triaxiality,Iterations,Initial Particles,Remaining Particles,Max Radius,r_50,mass,Age Range,Snapshot,Redshift,Center of Mass,Rotation Matrix
m12r_res7100,0.3397033566259005,0.3244391603008003,0.18393634406186643,0.9550661009749457,0.5414616619888951,0.5669363214087099,0.4585383380111049,0.12428741924790282,23,1367740,1224038,8.447398713108155,2.4834567082445997,6763055446.649653,"[3.526453897299405, 13.577152747547464]",446,0.30020699,[-0.03175098  0.01420285  0.0443027 ],"[[-0.0442467  -0.98111837  0.18827899]
 [ 0.64635114 -0.17181797 -0.74344387]
 [ 0.76175615  0.0887994   0.64174935]]"
