Simulation,a,b,c,b/a,c/a,c/b,ellipticity,triaxiality,Iterations,Initial Particles,Remaining Particles,Max Radius,r_50,mass,Age Range,Snapshot,Redshift,Center of Mass,Rotation Matrix
m12r_res7100,0.4998777495197212,0.42920163151158597,0.21587058221090788,0.8586131947740416,0.43184675136733874,0.5029584380903748,0.5681532486326613,0.3230247986912173,24,1811505,1621424,10.709834678544054,3.291933017896147,9164187377.176847,"[1.3410807594013952, 13.574257347458973]",534,0.0998249,[-0.11425444 -0.15440261 -0.14609285],"[[-0.50034553  0.32101607 -0.80411631]
 [-0.55347516  0.595608    0.58216524]
 [-0.6658225  -0.73634217  0.12033538]]"
