Simulation,a,b,c,b/a,c/a,c/b,ellipticity,triaxiality,Iterations,Initial Particles,Remaining Particles,Max Radius,r_50,mass,Age Range,Snapshot,Redshift,Center of Mass,Rotation Matrix
m12r_res7100,0.4168355233760378,0.4001596235667338,0.19661463945545257,0.9599940531117828,0.47168398188098176,0.4913405248209995,0.5283160181190183,0.10084885375507532,20,1547852,1384325,8.862560396247746,2.8200642841459227,7740746572.580672,"[2.5172176718267947, 13.577152747547464]",486,0.20076481,[-0.0249966   0.01765584 -0.01729874],"[[-0.27249272  0.90296847 -0.33225841]
 [-0.58930131  0.11634692  0.79949194]
 [-0.76057326 -0.41365605 -0.50041681]]"
