Simulation,a,b,c,b/a,c/a,c/b,ellipticity,triaxiality,Iterations,Initial Particles,Remaining Particles,Max Radius,r_50,mass,Age Range,Snapshot,Redshift,Center of Mass,Rotation Matrix
m12w_res7100,0.8467472465897113,0.7200516397282396,0.4423731957988465,0.8503737598536748,0.5224383044415106,0.6143631531285813,0.4775616955584894,0.3808009615708882,28,673156,604544,8.165333398763707,3.9545903684146766,3362556327.483984,"[9.517975562989466, 13.640676308158456]",214,1.5,[0.0571656  0.1759342  0.19243255],"[[-0.13798309  0.05880767  0.98868717]
 [-0.47975911 -0.87727584 -0.01477524]
 [-0.86648247  0.47637041 -0.14926275]]"
