Simulation,a,b,c,b/a,c/a,c/b,ellipticity,triaxiality,Iterations,Initial Particles,Remaining Particles,Max Radius,r_50,mass,Age Range,Snapshot,Redshift,Center of Mass,Rotation Matrix
m12w_res7100,0.5327180367113783,0.3351935216789997,0.3296872688559706,0.6292137652185492,0.6188776165553262,0.9835729139529666,0.38112238344467375,0.9790913180078961,30,9625,8619,3.1026582324975784,1.6163350191610466,47097149.27783767,"[11.996870376824956, 13.640676308158456]",102,3.50704241,[-0.01918174 -0.32430841 -0.16212749],"[[ 0.49987899  0.01900529 -0.86588671]
 [ 0.7623775   0.46474648  0.4503235 ]
 [ 0.41097633 -0.8852398   0.2178278 ]]"
