Simulation,a,b,c,b/a,c/a,c/b,ellipticity,triaxiality,Iterations,Initial Particles,Remaining Particles,Max Radius,r_50,mass,Age Range,Snapshot,Redshift,Center of Mass,Rotation Matrix
m12w_res7100,0.5330774530439798,0.35750713550267604,0.31025156663273057,0.6706476394025637,0.5820009172421973,0.8678192288288138,0.41799908275780273,0.832077123845691,30,234629,211148,5.932775104547432,3.175152168803729,1173240929.6138928,"[10.511863160350059, 13.640676308158456]",172,2.0,[ 0.0071777   0.02139988 -0.05434967],"[[-0.5749486   0.80050467 -0.16919334]
 [ 0.01483124  0.21695271  0.97606944]
 [ 0.8180551   0.55868041 -0.13660913]]"
