Simulation,a,b,c,b/a,c/a,c/b,ellipticity,triaxiality,Iterations,Initial Particles,Remaining Particles,Max Radius,r_50,mass,Age Range,Snapshot,Redshift,Center of Mass,Rotation Matrix
m12c_res7100,0.954953589493358,0.8272921589939632,0.05897460821275941,0.8663166127611245,0.06175651765867267,0.07128631351284177,0.9382434823413274,0.25045071227932525,4,416984,371720,18.602994998221387,6.806908257474528,2911610710.7957773,"[2.6360804460761472e-05, 0.49998857259576723]",590,0.0015949,[-1.12845657e-15  1.30808843e-15  3.88050881e-16],"[[-9.99792602e-01 -1.67025624e-02 -1.16523719e-02]
 [-1.66975150e-02  9.99860446e-01 -5.30326293e-04]
 [-1.16596036e-02  3.35650651e-04  9.99931968e-01]]"
