Simulation,a,b,c,b/a,c/a,c/b,ellipticity,triaxiality,Iterations,Initial Particles,Remaining Particles,Max Radius,r_50,mass,Age Range,Snapshot,Redshift,Center of Mass,Rotation Matrix
m12c_res7100,0.9102110367181532,0.5777380799680635,0.3427386960556217,0.6347298117271237,0.3765486049162802,0.5932423496726541,0.6234513950837197,0.6957705774412772,6,73900,66236,5.2068551271116945,2.58786520367079,386557680.0892819,"[8.013991187993952e-06, 0.4999972744973089]",172,2.0,[-3.26439928e-16  2.16185383e-16  3.03233778e-16],"[[-9.99834254e-01  1.82012150e-02  4.23699611e-04]
 [ 1.82015917e-02  9.99833930e-01  9.02726769e-04]
 [ 4.07198523e-04 -9.10289154e-04  9.99999503e-01]]"
