Simulation,a,b,c,b/a,c/a,c/b,ellipticity,triaxiality,Iterations,Initial Particles,Remaining Particles,Max Radius,r_50,mass,Age Range,Snapshot,Redshift,Center of Mass,Rotation Matrix
m12c_res7100,1.7498839030876816,0.7617048474776145,0.49036704297125483,0.4352887903783681,0.28022832949431614,0.643775662705975,0.7197716705056838,0.8795965538373363,20,731807,657546,11.657232231738515,5.613558149825785,3982866383.456697,"[1.7413523036857725e-05, 0.49999811751988155]",277,1.0,[0.12223172 0.44689095 0.70653719],"[[ 0.15508604  0.15908791  0.97500736]
 [ 0.60766561  0.76279063 -0.22111753]
 [ 0.7789036  -0.62677069 -0.02162593]]"
