Simulation,a,b,c,b/a,c/a,c/b,ellipticity,triaxiality,Iterations,Initial Particles,Remaining Particles,Max Radius,r_50,mass,Age Range,Snapshot,Redshift,Center of Mass,Rotation Matrix
m12c_res7100,0.7084489830217044,0.6338879598210113,0.506845688688947,0.8947545624489818,0.7154300462499484,0.7995824511827977,0.28456995375005156,0.40850199666517184,30,18947,16854,3.0520483043903,2.2773915879476,96327302.26524232,"[2.433724828421191e-05, 0.49971633039161567]",120,3.0,[-0.11084257  0.67493806  0.65624871],"[[ 0.58593481 -0.72970784  0.35242993]
 [-0.08820596 -0.48975277 -0.86738799]
 [ 0.80554336  0.4771464  -0.35132778]]"
