Simulation,a,b,c,b/a,c/a,c/b,ellipticity,triaxiality,Iterations,Initial Particles,Remaining Particles,Max Radius,r_50,mass,Age Range,Snapshot,Redshift,Center of Mass,Rotation Matrix
m12c_res7100,0.692872482835957,0.635622497119903,0.09152518840088077,0.9173729840132671,0.13209528545031002,0.1439929971258012,0.86790471454969,0.16124031700813646,5,544216,487705,11.234435044826729,4.683151975834413,3527780160.5392203,"[3.090518026382938e-06, 0.49999989219382224]",446,0.30020699,[-1.07578163e-15  5.62599583e-16 -6.04414417e-16],"[[ 0.99968761 -0.02482915 -0.0028624 ]
 [ 0.02482614  0.9996912  -0.00108375]
 [ 0.00288842  0.00101235  0.99999532]]"
