Simulation,a,b,c,b/a,c/a,c/b,ellipticity,triaxiality,Iterations,Initial Particles,Remaining Particles,Max Radius,r_50,mass,Age Range,Snapshot,Redshift,Center of Mass,Rotation Matrix
m12c_res7100,1.2415959601595552,1.1475567779171219,0.08289033921378297,0.9242594328106959,0.06676112187344012,0.07223201571275058,0.9332388781265599,0.14639699922430358,30,474774,423618,16.27169497988392,6.67427930612465,3267133723.3935275,"[1.5996429614251184e-06, 0.49999833585066744]",534,0.0998249,[-0.41867976 -0.66394923 -0.56008037],"[[-0.36643962 -0.0737293   0.92751603]
 [-0.74648391  0.61835394 -0.24576446]
 [-0.55541316 -0.78243363 -0.28162712]]"
