Simulation,a,b,c,b/a,c/a,c/b,ellipticity,triaxiality,Iterations,Initial Particles,Remaining Particles,Max Radius,r_50,mass,Age Range,Snapshot,Redshift,Center of Mass,Rotation Matrix
m12c_res7100,0.9131328949797559,0.5755556556226347,0.342937452266227,0.6303087521947117,0.37556138230441244,0.5958371686839532,0.6244386176955876,0.7016803272502334,24,73900,66212,5.2067608249995345,2.5869084752772125,386428149.7745013,"[8.013991187993952e-06, 0.4999972744973089]",172,2.0,[ 0.04717965 -0.09268544 -0.06351376],"[[-0.92360786  0.17358238  0.34178601]
 [ 0.27929925 -0.30597968  0.91014744]
 [-0.26256513 -0.93607991 -0.23412381]]"
