Simulation,a,b,c,b/a,c/a,c/b,ellipticity,triaxiality,Iterations,Initial Particles,Remaining Particles,Max Radius,r_50,mass,Age Range,Snapshot,Redshift,Center of Mass,Rotation Matrix
m12c_res7100,1.7524806886640152,0.7549263262135805,0.4940369342765147,0.43077583170921585,0.28190720586663837,0.654417414152734,0.7180927941333617,0.884744291597551,30,731807,657386,13.273019579800772,5.670996577665439,3982076737.4969835,"[1.7413523036857725e-05, 0.49999811751988155]",277,1.0,[1.38674494e-15 1.00870404e-15 3.31539750e-16],"[[-9.99991224e-01  4.10732658e-03  8.26293422e-04]
 [-4.18238111e-03 -9.67070103e-01 -2.54475780e-01]
 [-2.46131471e-04 -2.54477003e-01  9.67078794e-01]]"
