Simulation,a,b,c,b/a,c/a,c/b,ellipticity,triaxiality,Iterations,Initial Particles,Remaining Particles,Max Radius,r_50,mass,Age Range,Snapshot,Redshift,Center of Mass,Rotation Matrix
m12c_res7100,0.4322958775162922,0.2960184994211047,0.2741805446228142,0.6847590153342336,0.634242792686546,0.9262277363036536,0.36575720731345396,0.8885277445272812,30,11270,10068,1.4011175914200416,1.3076381197616784,56129973.43003416,"[0.044608392570319566, 0.4999279700045882]",067,5.0,[-0.07032607  0.08842709 -0.1729427 ],"[[-0.59382278  0.79653455  0.11360991]
 [-0.02753913 -0.16123978  0.98653096]
 [-0.80412443 -0.58269584 -0.11768373]]"
