Simulation,a,b,c,b/a,c/a,c/b,ellipticity,triaxiality,Iterations,Initial Particles,Remaining Particles,Max Radius,r_50,mass,Age Range,Snapshot,Redshift,Center of Mass,Rotation Matrix
m12c_res7100,1.048099531955454,0.7362638164635104,0.19189323645467946,0.7024750932670035,0.1830868449074312,0.26063108380960315,0.8169131550925688,0.5240968864664337,7,582999,524044,10.00515360384517,4.361622381477363,3648892922.724417,"[1.4664183990653612e-05, 0.49998755158302366]",412,0.3986637,[-1.76416963e-16  2.88515242e-16 -6.71670834e-16],"[[-0.99998708 -0.00325775 -0.00390217]
 [ 0.00322227 -0.99995373  0.00906407]
 [-0.00393152  0.00905138  0.99995131]]"
