Simulation,a,b,c,b/a,c/a,c/b,ellipticity,triaxiality,Iterations,Initial Particles,Remaining Particles,Max Radius,r_50,mass,Age Range,Snapshot,Redshift,Center of Mass,Rotation Matrix
m12c_res7100,0.6948088501671961,0.6375629912057735,0.09099232547411874,0.9176091971948154,0.13096022805728902,0.1427189575449353,0.869039771942711,0.1607503227073556,28,544216,487696,11.350322921187487,4.670675619302313,3527738274.4170194,"[3.090518026382938e-06, 0.49999989219382224]",446,0.30020699,[ 0.05094815 -0.00437535  0.2696088 ],"[[-0.43820303 -0.10962492  0.89216617]
 [-0.59872462 -0.70471436 -0.38066586]
 [-0.67045278  0.70097079 -0.24317283]]"
