Simulation,a,b,c,b/a,c/a,c/b,ellipticity,triaxiality,Iterations,Initial Particles,Remaining Particles,Max Radius,r_50,mass,Age Range,Snapshot,Redshift,Center of Mass,Rotation Matrix
m12c_res7100,1.6580324114313278,0.5525986205867383,0.36461242386353326,0.33328577703116014,0.21990669262537196,0.659814212848369,0.780093307374628,0.9340923177515628,30,525313,471737,13.617255265742129,5.307243816804203,2952884541.716432,"[2.142870781263184e-06, 0.499993113313276]",294,0.89728099,[-0.22978233 -0.32340043 -0.43050059],"[[ 0.25962997  0.10288708 -0.96021171]
 [ 0.22327784 -0.97376274 -0.04396737]
 [ 0.93954206  0.20297875  0.2757904 ]]"
