Simulation,a,b,c,b/a,c/a,c/b,ellipticity,triaxiality,Iterations,Initial Particles,Remaining Particles,Max Radius,r_50,mass,Age Range,Snapshot,Redshift,Center of Mass,Rotation Matrix
m12c_res7100,0.38223868634154967,0.26674435367403065,0.20102211893269664,0.6978476098980757,0.5259073090081551,0.7536133986114342,0.4740926909918449,0.7091421967773489,30,6384,5644,1.3441888194200309,1.04251857293408,31670491.721265107,"[0.0038586723033304793, 0.4750196927215029]",059,5.49484539,[-0.03549882  0.05005048 -0.08353562],"[[-0.91544328 -0.39306818 -0.08637709]
 [-0.35287803  0.68078912  0.64187481]
 [ 0.19349598 -0.61808056  0.76192895]]"
