Simulation,a,b,c,b/a,c/a,c/b,ellipticity,triaxiality,Iterations,Initial Particles,Remaining Particles,Max Radius,r_50,mass,Age Range,Snapshot,Redshift,Center of Mass,Rotation Matrix
m12c_res7100,0.5850551335638379,0.4504779711283888,0.3909884524285881,0.7699752472631457,0.6682933453585801,0.8679413367299911,0.3317066546414199,0.7357244070210296,30,96839,87047,4.307809979459535,1.983828828802922,512320863.8648057,"[1.2725093098353568e-05, 0.49990560283409025]",214,1.5,[-0.23919573  0.10534619  0.09852228],"[[ 0.33244339  0.11242697  0.93639819]
 [-0.9320819   0.19064673  0.30802134]
 [-0.14389135 -0.97519947  0.16817039]]"
