Simulation,a,b,c,b/a,c/a,c/b,ellipticity,triaxiality,Iterations,Initial Particles,Remaining Particles,Max Radius,r_50,mass,Age Range,Snapshot,Redshift,Center of Mass,Rotation Matrix
m12c_res7100,0.19190756872632803,0.14913463137606917,0.13276649944009192,0.7771169858795112,0.69182523816674,0.8902459356022939,0.30817476183326,0.7596970181595912,30,2898,2571,0.9802579173913654,0.6258838855335677,14674799.098056378,"[0.0003101727884597949, 0.49949561609075666]",041,7.0,[-0.06218863 -0.01343097  0.04327558],"[[ 0.83597941  0.387794   -0.38827082]
 [-0.18681746  0.86639488  0.46309735]
 [ 0.51598222 -0.31460408  0.79673497]]"
