Simulation,a,b,c,b/a,c/a,c/b,ellipticity,triaxiality,Iterations,Initial Particles,Remaining Particles,Max Radius,r_50,mass,Age Range,Snapshot,Redshift,Center of Mass,Rotation Matrix
m12c_res7100,0.19013982810759575,0.15166068817712594,0.1317689222708922,0.7976271446469629,0.6930106310831795,0.8688403293871253,0.3069893689168205,0.6999529616782798,6,2898,2611,0.9212341903681575,0.6070552448313422,14902009.621146318,"[0.0003101727884597949, 0.49949561609075666]",041,7.0,[-9.60683980e-17  1.17947599e-16 -1.67742823e-17],"[[-0.99906573 -0.04291178  0.00512326]
 [-0.04256545  0.99757564  0.05505476]
 [ 0.00747334 -0.05478525  0.99847019]]"
