Simulation,a,b,c,b/a,c/a,c/b,ellipticity,triaxiality,Iterations,Initial Particles,Remaining Particles,Max Radius,r_50,mass,Age Range,Snapshot,Redshift,Center of Mass,Rotation Matrix
m12c_res7100,0.8303685543856731,0.8131035686847592,0.05580040697955418,0.9792080448979826,0.06719956660791024,0.06862644456205558,0.9328004333920897,0.04133827945510478,30,411814,367366,16.83360474572987,6.277214622729196,2875903247.2013183,"[7.73983617963095e-06, 0.49999368664256416]",600,0.0,[-0.02912426  0.15820118 -0.1162803 ],"[[ 0.20955992 -0.31824495  0.92455654]
 [ 0.96606661  0.21340489 -0.14551172]
 [ 0.15099652 -0.92367662 -0.35216694]]"
