Simulation,a,b,c,b/a,c/a,c/b,ellipticity,triaxiality,Iterations,Initial Particles,Remaining Particles,Max Radius,r_50,mass,Age Range,Snapshot,Redshift,Center of Mass,Rotation Matrix
m12c_res7100,1.270032636653204,1.1403505152383,0.08154646619019544,0.8978907173939695,0.06420816586657732,0.07151000074144273,0.9357918341334227,0.1945945121877466,6,474774,423613,16.515747915739365,6.686996578666153,3267270084.9107046,"[1.5996429614251184e-06, 0.49999833585066744]",534,0.0998249,[ 4.84343987e-16 -7.71666692e-16  7.71153615e-16],"[[-0.9997702  -0.02118162 -0.00329984]
 [ 0.02117607 -0.9997743   0.00170682]
 [-0.00333525  0.00163655  0.9999931 ]]"
