Simulation,a,b,c,b/a,c/a,c/b,ellipticity,triaxiality,Iterations,Initial Particles,Remaining Particles,Max Radius,r_50,mass,Age Range,Snapshot,Redshift,Center of Mass,Rotation Matrix
m12c_res7100,1.6571953511128066,0.5444972066321995,0.37022429331605045,0.32856549245480904,0.2234041346226592,0.6799379111711991,0.7765958653773408,0.938904904526338,13,525313,471683,12.658891084285248,5.3660959932713705,2952731962.247146,"[2.142870781263184e-06, 0.499993113313276]",294,0.89728099,[5.05879793e-16 3.42546407e-16 1.81481540e-17],"[[-0.99949549 -0.03173211 -0.00135801]
 [-0.03114753  0.97092484  0.2373495 ]
 [ 0.00621307 -0.23727205  0.97142337]]"
