Simulation,a,b,c,b/a,c/a,c/b,ellipticity,triaxiality,Iterations,Initial Particles,Remaining Particles,Max Radius,r_50,mass,Age Range,Snapshot,Redshift,Center of Mass,Rotation Matrix
m12c_res7100,0.7135881500405438,0.6266591671650298,0.17362229267892332,0.8781804562329476,0.24330882269984255,0.277060165678866,0.7566911773001574,0.24319609656546748,30,498920,448813,7.830408615681782,3.261574611346624,3099199138.679241,"[1.6377607687800833e-05, 0.49999708057835957]",382,0.49880669,[-0.0678732  -0.22297001 -0.23991409],"[[-0.18877879  0.17930589 -0.96551125]
 [-0.86616569 -0.49368416  0.07767205]
 [-0.46273056  0.85095555  0.24850571]]"
