Simulation,a,b,c,b/a,c/a,c/b,ellipticity,triaxiality,Iterations,Initial Particles,Remaining Particles,Max Radius,r_50,mass,Age Range,Snapshot,Redshift,Center of Mass,Rotation Matrix
m12c_res7100,0.9651286164698643,0.8230797801000599,0.058651498481191895,0.8528187498062443,0.06077065530988041,0.07125858258121924,0.9392293446901195,0.2737110146127354,30,416984,371595,19.777739884398287,6.881611192260035,2909714773.130629,"[2.6360804460761472e-05, 0.49998857259576723]",590,0.0015949,[-0.1272365   0.3194062  -0.45149879],"[[-0.12310878  0.29729321 -0.94681623]
 [ 0.72951844  0.67392274  0.11675183]
 [-0.67279051  0.67634672  0.29984668]]"
