Simulation,a,b,c,b/a,c/a,c/b,ellipticity,triaxiality,Iterations,Initial Particles,Remaining Particles,Max Radius,r_50,mass,Age Range,Snapshot,Redshift,Center of Mass,Rotation Matrix
m12c_res7100,0.5197559573422234,0.38454505788036086,0.2064617037872741,0.7398569510328181,0.39722816231490227,0.5368986014936855,0.6027718376850977,0.5374096798213387,30,488764,439225,7.458812552808713,2.603759537982543,2897617604.918618,"[5.019424030194841e-06, 0.49997095138717196]",332,0.70189703,[-0.02895822 -0.0672408   0.06836602],"[[-0.06629233  0.56244752 -0.82417117]
 [-0.91407334  0.29696896  0.27618718]
 [ 0.40009405  0.77166199  0.49443152]]"
