Simulation,a,b,c,b/a,c/a,c/b,ellipticity,triaxiality,Iterations,Initial Particles,Remaining Particles,Max Radius,r_50,mass,Age Range,Snapshot,Redshift,Center of Mass,Rotation Matrix
m12c_res7100,0.8447858665818224,0.6110678377537728,0.4409209912214035,0.7233405078452355,0.52193225367922,0.7215581707624918,0.47806774632078,0.655287534696272,6,18947,17003,4.398238222067078,2.439998026121147,97098919.3075136,"[2.433724828421191e-05, 0.49971633039161567]",120,3.0,[-8.19177642e-17 -4.31146128e-17 -1.23415579e-16],"[[-0.9962878   0.02910339 -0.0810161 ]
 [-0.03032011 -0.99944458  0.01382854]
 [-0.08056864  0.01623363  0.99661686]]"
