Simulation,a,b,c,b/a,c/a,c/b,ellipticity,triaxiality,Iterations,Initial Particles,Remaining Particles,Max Radius,r_50,mass,Age Range,Snapshot,Redshift,Center of Mass,Rotation Matrix
m12c_res7100,0.5421322877857343,0.37085664414876857,0.2248503388700176,0.6840703874389813,0.41475179386269034,0.6062998800685346,0.5852482061373097,0.6425844765610738,7,24145,21702,2.620035457022789,1.7077487671872258,122142944.97838691,"[5.280973486065932e-06, 0.4992622967023035]",088,4.0,[-1.28443105e-16  1.71257473e-18 -7.49251445e-18],"[[-0.9998324   0.01783209 -0.00414538]
 [ 0.01797152  0.99917329 -0.03646595]
 [-0.00349169  0.03653433  0.9993263 ]]"
